ID,No.,Type,Rarity,Name,Level,Total Exp,Current Exp,Required Exp,Link,MOD,Max HP,HP,Damage,Accuracy,Evasion,Rate of Fire,Move Speed,Armor,Rounds,Crit.Damage,Skill1,Skill2,Equip1,Equip2,Equip3,Affection,Oathed,Oathed Datetime,Locked
46641830,20010,HG,★★★★,PPK Mod,115,10098150,0,0,x5,Mod3,340,340,28,61,104,63,15,0,0,20,10,10,,,,100,,,Locked
46641863,20029,SMG,★★★★,STEN MkⅡ Mod,113,7579900,296600,903400,x5,Mod2,970,970,29,16,78,86,12,0,0,5,3,1,,,,100,,,Locked
46641926,25,SMG,★★,MP40,100,3263300,-,-,x5,,925,925,29,13,58,76,12,0,0,5,1,0,,,,100,,,Locked
46642779,20037,RF,★★★★,M14 Mod,117,17164076,0,0,x5,Mod3,430,430,111,74,28,44,7,0,0,40,10,10,Mk211 High-Explosive Armor-Piercing Ammo,M2 Bipod,Thermoptic Camouflage Cape,200,Oathed,2019-09-28 09:58,Locked
46645495,20044,RF,★★★★,SV-98 Mod,115,10083300,0,0,x5,Mod3,430,430,127,80,29,37,7,0,0,40,10,10,,,,100,,,Locked
46647159,27,SMG,★★★,Skorpion,100,3263300,-,-,x5,,795,795,24,13,83,95,12,0,0,5,10,0,,,,100,,,Locked
46703121,183,HG,★★★★★,Contender,100,3263300,-,-,x5,,330,330,46,85,82,44,15,0,0,40,10,0,S.F. Modified Tactical Light,Mk211 High-Explosive Armor-Piercing Ammo,TC High-Performance Exoskeleton,100,,,Locked
46914422,20046,RF,★★★★★★,Kar98k Mod,116,13341560,0,0,x5,Mod3,440,440,146,88,43,36,7,0,0,40,10,10,M1022 Sniper Rounds,PM 5-25X56,Garde du Corps Uniform,200,Oathed,2023-08-01 11:03,Locked
46922285,184,RF,★★★★,T-5000,100,3263300,-,-,x5,,450,450,126,85,28,36,7,0,0,40,10,0,,,,100,,,Locked
46922341,20065,AR,★★★★★★,416 Mod,120,30283300,-,-,x5,Mod3,620,620,55,51,47,79,10,0,0,20,10,10,EOT XPS3,M856 Tracer Rounds,Tactical Headwear,200,Oathed,2020-11-01 14:59,Locked
47068065,48,RF,★★★★★,WA2000,100,3263300,-,-,x5,,440,440,130,82,30,39,7,0,0,40,10,0,,,,100,,,Locked
47406865,99,HG,★★★★,Gr Mk23,100,3263300,-,-,x5,,400,400,29,53,66,63,15,0,0,20,10,0,,,,100,,,Locked
47406977,70,AR,★★★,FF FNC,100,3263300,-,-,x5,,550,550,51,46,37,73,10,0,0,20,1,0,,,,100,,,Locked
47682264,20115,SMG,★★★★★★,Suomi Mod,114,8998629,515329,1084671,x5,Mod2,1120,1120,31,16,72,94,12,0,0,5,10,10,Mk31 Multi-functional Exoskeleton,Signal Flare,S.F. Modified Tactical Light,100,,,Locked
48689212,20055,AR,★★★★★,M4A1 Mod,120,30283300,-,-,x5,Mod3,565,565,50,50,50,80,10,0,0,20,10,10,VFL 6-24X56,APCR High-Velocity Ammo,Inherited Case,200,Oathed,2019-09-11 17:21,Locked
48721701,20053,RF,★★★★★★,NTW-20 Mod,117,17228257,0,0,x5,Mod3,475,475,170,81,31,32,7,0,0,40,10,10,20mm HEI,VFL 6-24X56,M200X LRF,200,Oathed,2021-03-06 22:16,Locked
48721727,118,AR,★★★★,9A-91,100,3263300,-,-,x5,,580,580,42,49,50,78,10,0,0,20,10,0,,,,100,,,Locked
48780197,20056,AR,★★★★★,M4 SOPMOD II Mod,120,30283300,-,-,x5,Mod3,565,565,52,51,46,79,10,0,0,30,10,10,,,,200,Oathed,2019-12-07 23:08,Locked
48917520,20057,AR,★★★★★,ST AR-15 Mod,120,30283300,-,-,x5,Mod3,540,540,50,55,52,78,10,0,0,20,10,10,SBR Custom Handguard,Lightweight Rail Kit,.300BLK High-Velocity Ammo,200,Oathed,2019-08-05 20:52,Locked
49055116,20,SMG,★★★★★,Vector,100,3263300,-,-,x5,,925,925,30,11,71,101,12,0,0,5,10,0,,,,100,,,Locked
49081378,127,SMG,★★★★★,Type79,100,3263300,-,-,x5,,970,970,32,12,70,88,12,0,0,5,1,0,,,,100,,,Locked
49277906,20103,SMG,★★★★★,UMP45 Mod,117,18203932,0,0,x5,Mod3,975,975,29,14,77,83,12,0,0,5,10,10,,,,100,,,Locked
49322488,54,AR,★★★★,M16A1,100,3263300,-,-,x5,,605,605,47,46,44,75,10,0,0,20,1,0,,,,100,,,Locked
49940625,197,RF,★★★★★,Carcano M1891,100,3263300,-,-,x5,,400,400,138,85,42,34,7,0,0,40,10,0,,,,150,Oathed,2020-03-16 21:00,Locked
50263371,257,RF,★★★★★,M200,100,3263300,-,-,x5,,440,440,145,96,31,34,7,0,0,40,10,0,,,,150,Oathed,2023-12-21 11:53,Locked
50490072,20008,HG,★★★★,Makarov Mod,115,10083300,0,0,x5,Mod3,340,340,29,63,104,61,15,0,0,20,10,10,,,,100,,,Locked
50829807,96,HG,★★★★★,Grizzly,100,3263300,-,-,x5,,430,430,38,51,66,54,15,0,0,20,10,0,,,,100,,,Locked
50842073,16,SMG,★★★★★,Thompson,100,3263300,-,-,x5,,1190,1190,31,12,56,82,12,0,0,5,10,0,,,,100,,,Locked
50871904,20001,HG,★★★★★,SAA Mod,115,10083300,0,0,x5,Mod3,410,410,37,50,79,50,15,0,0,20,10,10,SAA Long Barrel,Signal Flare,IOP X4 Exoskeleton,100,,,Locked
51382747,20143,SMG,★★★★★★,RO635 Mod,115,10547536,0,0,x5,Mod3,1035,1035,29,15,76,97,12,0,0,5,10,10,Beloved Dangle,ILM Hollow-Point Ammo,S.F. Modified Tactical Light,100,,,Locked
51924566,215,AR,★★★★★,MDR,100,3263300,-,-,x5,,595,595,56,50,41,76,10,0,0,20,10,0,,,,100,,,Locked
52303046,85,MG,★★★★,PK,100,3263300,-,-,x5,,950,950,96,21,23,84,4,0,11,5,10,0,,,,100,,,Locked
52717730,168,HG,★★★★,Spitfire,100,3263300,-,-,x5,,350,350,33,60,71,59,15,0,0,20,1,0,,,,100,,,Locked
52823449,20050,RF,★★★★★★,Lee Enfield Mod,110,5287924,0,0,x5,Mod2,450,450,140,87,40,37,7,0,0,40,10,10,Mk211 High-Explosive Armor-Piercing Ammo,No32 MKI,Thermoptic Camouflage Cape,100,,,Locked
52988817,198,RF,★★★★★,Carcano M91/38,100,3263300,-,-,x5,,365,365,146,90,44,34,7,0,0,40,10,0,,,,100,,,Locked
53739457,20114,HG,★★★★★★,Welrod MkⅡ Mod,117,16532652,1249352,2750648,x5,Mod3,405,405,31,74,97,52,15,0,0,40,10,10,16Lab Infrared Designator,ILM Hollow-Point Ammo,Special Ops Bag,100,,,Locked
55477390,20007,HG,★★★★★,Stechkin Mod,115,10584240,0,0,x5,Mod3,425,425,31,51,68,66,15,0,0,20,10,10,Stechkin Buttstock,Type 57 Signal Flare,Tactical Thunderbolt Ahoge,100,,,Locked
55477652,20212,HG,★★★★★,K5 Mod,110,5358700,0,0,x5,Mod2,370,370,30,54,86,62,15,0,0,40,10,10,S.F. Modified Tactical Light,ILM Hollow-Point Ammo,IOP T4 Exoskeleton,100,,,Locked
55528463,188,SG,★★★★★,S.A.T.8,100,3263300,-,-,x5,,1410,1410,29,13,12,33,6,22,4,40,10,0,,,,100,,,Locked
55531288,173,MG,★★★★★,PKP,100,3263300,-,-,x5,,825,825,95,31,29,127,4,0,10,5,10,0,,,,100,,,Locked
55531384,112,MG,★★★★★,Negev,100,3263300,-,-,x5,,870,870,84,35,36,139,4,0,9,5,10,0,,,,100,,,Locked
55674043,20101,SMG,★★★★★,UMP9 Mod,115,10083300,0,0,x5,Mod3,900,900,29,17,83,87,12,0,0,5,10,10,UMP UX Exoskeleton,9mm UMP Hollow-Point Rounds,AMP COMPSP,100,,,Locked
56119054,20064,AR,★★★★★,Gr G36 Mod,117,16670114,0,0,x5,Mod3,650,650,51,48,44,75,10,0,0,20,8,8,,,,200,Oathed,2019-10-13 22:15,Locked
56323559,20122,AR,★★★★★★,Gr G11 Mod,115,11225779,0,0,x5,Mod3,620,620,47,47,44,97,10,0,0,20,10,10,VFL 6-24X56,16Lab High-Velocity Ammo,G-box,100,,,Locked
56401056,20171,AR,★★★★★,Ribeyrolles Mod,111,5981463,238163,401837,x5,Mod2,590,590,65,47,41,68,10,0,0,20,10,10,VFL 6-24X56,16Lab High-Velocity Ammo,#2 Processor,100,,,Locked
57287493,166,HG,★★★★★,CZ75,100,3263300,-,-,x5,,330,330,34,62,74,66,15,0,0,20,4,0,,,,100,,,Locked
57509614,119,AR,★★★★★,OTs-14,100,3263300,-,-,x5,,550,550,49,54,54,75,10,0,0,20,10,0,,,,100,,,Locked
57658902,135,SMG,★★★★★,SR-3MP,100,3263300,-,-,x5,,970,970,31,12,67,90,12,0,0,5,10,0,,,,100,,,Locked
58231985,20097,HG,★★★★★★,M950A Mod,115,10083300,-,-,x5,Mod2,400,400,32,57,76,72,15,0,0,20,10,10,,,,100,,,Locked
59298390,62,AR,★★★★★,Gr G41,100,3263300,-,-,x5,,635,635,50,48,40,77,10,0,0,20,2,0,,,,100,,,Locked
59534472,20136,SMG,★★★★★,PP-19 Mod,110,5263300,-,-,x5,Mod1,940,940,27,14,78,91,12,0,0,5,1,0,,,,100,,,Locked
59539982,20104,SMG,★★★★★★,Gr G36c Mod,111,5777347,0,0,x5,Mod2,1075,1075,33,14,70,84,12,0,0,5,10,10,IOP T4 Exoskeleton,ILM Hollow-Point Ammo,S.F. Modified Tactical Light,100,,,Locked
61197088,236,AR,★★★★★,K11,100,3263300,-,-,x5,,675,675,53,54,37,76,10,0,0,20,10,0,,,,100,,,Locked
61428571,129,AR,★★★★★,Type95,100,3263300,-,-,x5,,580,580,55,52,46,71,10,0,0,20,1,0,,,,100,,,Locked
61489729,72,AR,★★★★,TAR-21,90,1976095,0,0,x5,,500,500,46,44,41,77,10,0,0,20,1,0,,,,100,,,Locked
61968783,130,AR,★★★★★,Type97,100,3263300,-,-,x5,,580,580,54,51,46,72,10,0,0,20,8,0,,,,100,,,Locked
62559210,222,RF,★★★★★,TAC-50,100,3263300,-,-,x5,,435,435,155,83,31,32,7,0,0,40,10,0,,,,100,,,Locked
62809579,106,AR,★★★★★,FAL,100,3263300,-,-,x5,,660,660,57,43,38,72,10,0,0,20,10,0,,,,100,,,Locked
62984470,189,SG,★★★★,USAS-12,100,3263300,-,-,x5,,1300,1300,29,11,10,37,6,22,5,40,1,0,,,,100,,,Locked
63139956,194,AR,★★★★★,K2,100,3263300,-,-,x5,,635,635,50,51,42,78,10,0,0,20,10,0,,,,100,,,Locked
63139978,243,AR,★★★★★,64 Shiki,100,3263300,-,-,x5,,625,625,67,62,43,63,10,0,0,20,10,0,,,,100,,,Locked
64004483,22,SMG,★★★,PPS-43,100,3263300,-,-,x5,,880,880,33,13,65,74,12,0,0,5,1,0,,,,100,,,Locked
64601800,196,AR,★★★★★,Zas M21,92,2258930,0,0,x5,,585,585,52,45,38,72,10,0,0,20,4,0,,,,100,,,Locked
66426165,109,MG,★★★★★,Gr MG5,100,3263300,-,-,x5,,990,990,85,27,27,120,4,0,11,5,10,0,,,,100,,,Locked
67251942,146,RF,★★★★,Gr G28,100,3263300,-,-,x5,,440,440,119,80,29,39,7,0,0,40,10,0,,,,100,,,Locked
67258840,142,HG,★★★★★,Five-seven,100,3263300,-,-,x5,,315,315,31,57,97,66,15,0,0,20,10,0,,,,100,,,Locked
68729092,36,RF,★★★★,Springfield,100,3263300,-,-,x5,,420,420,128,72,40,32,7,0,0,40,1,0,,,,100,,,Locked
69235347,20039,RF,★★★★★,Mosin-Nagant Mod,115,10260430,0,0,x5,Mod3,450,450,135,88,39,31,7,0,0,40,8,8,,,,100,,,Locked
70613842,1022,SG,★★★★★,Dana Zane,100,3263300,-,-,x5,,1345,1345,38,15,13,26,6,22,1,40,1,0,,,,100,,,Locked
70788646,1018,HG,★★★★★,Sei Asagiri,100,3263300,-,-,x5,,425,425,30,59,77,53,15,0,0,20,10,0,,,,100,,,Locked
70977880,1017,HG,★★★★★,Jill Stingray,100,3263300,-,-,x5,,400,400,30,53,96,55,15,0,0,20,10,0,,,,100,,,Locked
72029960,1021,MG,★★★★★,Alma Armas,100,3263300,-,-,x5,,975,975,89,31,23,129,4,0,9,5,1,0,,,,100,,,Locked
72029987,1019,SMG,★★★★★,Dorothy Haze,100,3263300,-,-,x5,,880,880,28,15,87,79,12,0,0,5,10,0,,,,100,,,Locked
72369341,1020,RF,★★★★★,Stella Hoshii,100,3263300,-,-,x5,,450,450,117,84,36,35,7,0,0,40,8,0,,,,100,,,Locked
74883245,128,RF,★★★★★,M99,100,3263300,-,-,x5,,440,440,157,81,32,32,7,0,0,40,1,0,,,,100,,,Locked
74883310,148,RF,★★★★★,IWS 2000,100,3263300,-,-,x5,,440,440,162,78,29,32,7,0,0,40,10,0,,,,100,,,Locked
75842630,211,RF,★★★★★,SRS,100,3263300,-,-,x5,,435,435,135,82,35,35,7,0,0,40,8,0,,,,100,,,Locked
76250842,245,SMG,★★★★★,P90,100,3263300,-,-,x5,,950,950,30,15,83,93,12,0,0,5,10,0,,,,100,,,Locked
76253490,233,HG,★★★★★,Px4 Storm,100,3263300,-,-,x5,,340,340,35,69,93,57,15,0,0,20,10,0,,,,100,,,Locked
76539775,247,RF,★★★★,K31,100,3263300,-,-,x5,,390,390,126,78,37,39,7,0,0,40,1,0,,,,100,,,Locked
77184512,77,MG,★★★,M2HB,100,3263300,-,-,x5,,1075,1075,102,18,16,100,4,0,10,5,10,0,,,,100,,,Locked
80440674,157,SG,★★★★★,Am KSG,100,3263300,-,-,x5,,1265,1265,29,13,12,30,6,24,5,40,10,0,,,,100,,,Locked
83336426,73,AR,★★★★★,AUG,100,3263300,-,-,x5,,605,605,55,57,46,75,10,0,0,30,10,0,,,,100,,,Locked
85096093,20026,SMG,★★★★★,Gr MP5 Mod,115,10083300,0,0,x5,Mod3,900,900,31,14,71,90,12,0,0,5,10,10,GSG UX Exoskeleton,Custom 10mm Auto Rounds,LED Weapon Light,200,Oathed,2022-02-06 15:45,Locked
85096094,20075,MG,★★★★★,M1918 Mod,115,10083300,-,-,x5,Mod2,800,800,100,34,34,115,4,0,8,5,6,10,,,,100,,,Locked
85105019,162,SG,★★★★,SPAS-12,100,3263300,-,-,x5,,1375,1375,33,11,9,32,6,21,4,40,1,0,,,,100,,,Locked
85354528,20081,MG,★★★★,LWMMG Mod,115,10083300,0,0,x5,Mod3,885,885,102,27,24,92,4,0,10,5,8,8,,MGO 6X48,,100,,,Locked
85354529,20032,SMG,★★★★,Micro Uzi Mod,115,10177710,94410,2105590,x5,Mod3,880,880,25,13,82,104,12,0,0,5,10,10,#2 Processor,ILM Hollow-Point Ammo,MPL M21,100,,,Locked
86317299,213,SMG,★★★★★,C-MS,100,3263300,-,-,x5,,925,925,32,15,75,87,12,0,0,5,10,0,,,,100,,,Locked
86575137,43,RF,★★★★,SVD,100,3263300,-,-,x5,,400,400,130,80,33,37,7,0,0,40,10,0,,,,100,,,Locked
86987467,20002,HG,★★★★,M1911 Mod,116,12878269,0,0,x5,Mod3,375,375,28,51,77,58,15,0,0,20,8,5,,,,100,,,Locked
89227715,14,HG,★★★,Astra,100,3263300,-,-,x5,,400,400,33,45,68,52,15,0,0,20,3,0,,,,100,,,Locked
90676896,172,AR,★★★★★,Am RFB,100,3263300,-,-,x5,,525,525,69,68,49,54,10,0,0,30,10,0,Am RFB Quad Rail,16Lab High-Velocity Ammo,#2 Processor,100,,,Locked
90831307,208,MG,★★★★★,HMG21,100,3263300,-,-,x5,,845,845,92,29,33,135,4,0,10,5,1,0,,,,100,,,Locked
91440542,28,SMG,★★★★★,Gr MP7,100,3263300,-,-,x5,,990,990,30,13,69,91,12,0,0,5,8,0,,,,100,,,Locked
91709928,206,AR,★★★★★,AK-12,100,3263300,-,-,x5,,550,550,56,62,52,78,10,0,0,20,10,0,,,,100,,,Locked
91711390,20205,AR,★★★★★★,AN-94 Mod,110,5263300,-,-,x5,Mod1,585,585,59,69,49,80,10,0,0,20,10,0,,,,100,,,Locked
92374498,20060,AR,★★★★★,AS Val Mod,115,11102558,0,0,x5,Mod3,675,675,42,50,50,76,10,0,0,20,10,10,,,,100,,,Locked
93030220,204,RF,★★★★★,Ballista,90,1981282,0,0,x5,,390,390,130,84,32,35,7,0,0,40,1,0,,,,100,,,Locked
94265686,142,HG,★★★★★,Five-seven,100,3263300,-,-,x5,,315,315,31,57,97,66,15,0,0,20,8,0,,,,100,,,Locked
96712218,238,MG,★★★★★,QJY-88,100,3263300,-,-,x5,,825,825,86,33,35,126,4,0,10,5,1,0,,,,100,,,Locked
96899465,20233,HG,★★★★★★,Px4 Storm Mod,110,5263300,0,0,x5,Mod2,375,375,35,72,96,57,15,0,0,20,10,10,,,,100,,,Locked
97105676,20221,HG,★★★★,GSh-18 Mod,115,10083300,-,-,x5,Mod2,365,365,34,53,89,58,15,0,0,20,5,8,,,,100,,,Locked
99058381,126,HG,★★★★★,NZ75,100,3263300,-,-,x5,,365,365,33,62,74,63,15,0,0,20,1,0,,,,100,,,Locked
99763525,20080,MG,★★★★,M1919A4 Mod,115,10083300,0,0,x5,Mod3,925,925,108,30,25,102,4,0,9,5,10,10,,,,100,,,Locked
99763784,121,MG,★★★★,Mk48,100,3263300,-,-,x5,,870,870,90,25,26,112,4,0,10,5,1,0,,,,100,,,Locked
102020038,20097,HG,★★★★★★,M950A Mod,110,5295475,32175,447825,x5,Mod2,395,395,32,56,75,72,15,0,0,20,10,8,,,,100,,,Locked
103214168,20095,RF,★★★★,Type88 Mod,117,17108036,0,0,x5,Mod3,520,520,117,69,39,37,7,0,0,40,10,10,,,,200,Oathed,2021-05-10 21:59,Locked
104656632,20093,SMG,★★★★,IDW Mod,110,5263300,-,-,x5,Mod1,760,760,27,16,90,75,12,0,0,5,1,0,,,,100,,,Locked
105662941,233,HG,★★★★★,Px4 Storm,100,3263300,-,-,x5,,340,340,35,69,93,57,15,0,0,20,8,0,,,,100,,,Locked
106337747,231,RF,★★★★★,M82A1,100,3263300,-,-,x5,,440,440,158,77,30,34,7,0,0,40,10,0,,,,100,,,Locked
106384600,4,HG,★★★★★,Python,100,3263300,-,-,x5,,350,350,40,81,82,49,15,0,0,40,10,0,,,,100,,,Locked
107345340,4,HG,★★★★★,Python,100,3263300,-,-,x5,,350,350,40,81,82,49,15,0,0,40,1,0,,,,100,,,Locked
107351764,4,HG,★★★★★,Python,100,3263300,-,-,x5,,350,350,40,81,82,49,15,0,0,40,10,0,,,,100,,,Locked
112199831,261,RF,★★★★★,QBU-88,100,3263300,-,-,x5,,420,420,126,87,41,42,7,0,0,40,8,0,,,,100,,,Locked
112199872,257,RF,★★★★★,M200,100,3263300,-,-,x5,,440,440,145,96,31,34,7,0,0,40,10,0,,,,100,,,Locked
112316843,214,AR,★★★★★,ADS,90,2028141,0,0,x5,,575,575,46,49,41,75,10,0,0,20,1,0,,,,100,,,Locked
112751343,142,HG,★★★★★,Five-seven,100,3263300,-,-,x5,,315,315,31,57,97,66,15,0,0,20,8,0,,,,100,,,Locked
112982193,270,RF,★★★★,4 Shiki,100,3263300,-,-,x5,,420,420,112,74,37,39,7,0,0,40,8,0,,,,100,,,Locked
114828662,20097,HG,★★★★★★,M950A Mod,111,6341880,0,0,x5,Mod2,395,395,32,56,76,72,15,0,0,20,10,10,,,,100,,,Locked
115927079,234,SMG,★★★★★,JS 9,100,3263300,-,-,x5,,900,900,27,15,86,89,12,0,0,5,8,0,,,,100,,,Locked
117734064,1009,HG,★★★★★,El Clear,100,3263300,-,-,x5,,330,330,31,62,88,61,15,0,0,20,10,0,,,,100,,,Locked
117881096,1010,HG,★★★★★,El Fail,100,3263300,-,-,x5,,330,330,31,62,88,61,15,0,0,20,2,0,,,,100,,,Locked
120109348,198,RF,★★★★★,Carcano M91/38,100,3263300,-,-,x5,,365,365,146,90,44,34,7,0,0,40,10,0,,,,100,,,Locked
121304531,266,RF,★★★★★,R93,100,3263300,-,-,x5,,405,405,133,97,34,39,7,0,0,40,10,0,,,,150,Oathed,2020-10-18 21:05,Locked
121475958,99,HG,★★★★,Gr Mk23,100,3263300,-,-,x5,,400,400,29,53,66,63,15,0,0,20,10,0,,,,100,,,Locked
122376459,20063,AR,★★★★,Gr G3 Mod,113,7611580,328280,871720,x5,Mod2,560,560,58,54,39,64,10,0,0,20,1,1,,,,100,,,Locked
123101066,20051,RF,★★★★,FF FN49 Mod,115,10083300,0,0,x5,Mod3,475,475,119,63,33,34,7,0,0,40,8,8,,,,100,,,Locked
123255406,227,AR,★★★★,A-91,90,1978150,0,0,x5,,535,535,49,45,34,72,10,0,0,20,4,0,,,,100,,,Locked
123998134,229,SG,★★★★★,M870,100,3263300,-,-,x5,,1320,1320,33,13,12,29,6,23,4,40,10,0,,,,100,,,Locked
125946494,20005,HG,★★★★,M1895 Mod,113,8074613,0,0,x5,Mod2,355,355,35,48,98,45,15,0,0,20,10,10,,,,100,,,Locked
126095091,20091,HG,★★★★,MP-446 Mod,110,5539977,0,0,x5,Mod2,335,335,30,56,78,60,15,0,0,20,10,10,,,,100,,,Locked
126173858,244,HG,★★★,TEC-9,100,3263300,-,-,x5,,415,415,28,46,63,63,15,0,0,20,10,0,,,,100,,,Locked
126757882,20262,AR,★★★★★,EM-2 Mod,110,5263300,-,-,x5,Mod1,605,605,58,53,49,70,10,0,0,20,8,0,,,,100,,,Locked
128472072,260,HG,★★★★★,PA-15,100,3263300,-,-,x5,,350,350,35,65,76,64,15,0,0,20,8,0,,,,100,,,Locked
128646140,20252,RF,★★★★★,KSVK Mod,116,14268628,0,0,x5,Mod3,450,450,164,86,31,32,7,0,0,40,10,10,12.7mm 1SL,VFL 6-24X56,Thermoptic Camouflage Cape,200,Oathed,2021-03-06 22:14,Locked
128689029,250,HG,★★★★★,HS2000,100,3263300,-,-,x5,,360,360,33,61,87,62,15,0,0,20,10,0,,,,100,,,Locked
128929270,242,HG,★★★★★,P22,100,3263300,-,-,x5,,350,350,28,66,110,62,15,0,0,20,10,0,P22 Laser Pointer,ILM Hollow-Point Ammo,IOP T4 Exoskeleton,100,,,Locked
129018830,253,MG,★★★★★,Lewis,100,3263300,-,-,x5,,950,950,102,31,31,116,4,0,10,5,10,0,,,,100,,,Locked
129018934,250,HG,★★★★★,HS2000,100,3263300,-,-,x5,,360,360,33,61,87,62,15,0,0,20,8,0,,,,100,,,Locked
129036884,242,HG,★★★★★,P22,100,3263300,-,-,x5,,350,350,28,66,110,62,15,0,0,20,10,0,,,,100,,,Locked
129036994,251,SMG,★★★★★,X95,92,2285325,0,0,x5,,930,930,33,12,63,88,12,0,0,5,8,0,,,,100,,,Locked
129411383,242,HG,★★★★★,P22,100,3263300,-,-,x5,,350,350,28,66,110,62,15,0,0,20,10,0,,,,100,,,Locked
130338215,250,HG,★★★★★,HS2000,100,3263300,-,-,x5,,360,360,33,61,87,62,15,0,0,20,8,0,,,,100,,,Locked
130547056,242,HG,★★★★★,P22,100,3263300,-,-,x5,,350,350,28,66,110,62,15,0,0,20,10,0,,,,100,,,Locked
132593784,164,SG,★★★★★,FP-6,100,3263300,-,-,x5,,1300,1300,31,13,12,28,6,24,4,40,1,0,,,,100,,,Locked
132849274,202,HG,★★★★,Thunder,100,3263300,-,-,x5,,430,430,46,57,60,37,15,0,0,40,1,0,,,,100,,,Locked
137138695,20089,MG,★★★★,Bren Mod,112,6391900,8600,891400,x5,Mod2,880,880,96,33,29,103,4,0,8,5,1,1,,,,100,,,Locked
137245691,20094,SMG,★★★★,Type64 Mod,115,10475503,0,0,x5,Mod3,900,900,28,12,70,93,12,0,0,5,10,10,High-Performance Camouflaged Exoskeleton,Type 64 Signal Flare,Type 64 Exclusive Suppressor,100,,,Locked
138881357,285,HG,★★★★★,C-93,100,3263300,-,-,x5,,315,315,33,62,98,64,15,0,0,20,10,0,,,,100,,,Locked
139188036,20065,AR,★★★★★★,416 Mod,115,10083300,-,-,x5,Mod2,620,620,54,51,47,78,10,0,0,20,10,10,PEQ-16A,M856 Tracer Rounds,#2 Processor,100,,,Locked
139893547,132,HG,★★★,Type59,100,3263300,-,-,x5,,300,300,28,61,96,61,15,0,0,20,8,0,,,,100,,,Locked
140708719,1023,SMG,★★★★★,Henrietta,90,1977995,0,0,x5,,905,905,29,14,76,90,12,0,0,5,1,0,,,,100,,,Locked
140935147,1024,RF,★★★★★,Rico,100,3263300,-,-,x5,,400,400,130,80,33,37,7,0,0,40,10,0,,,,100,,,Locked
141339134,1027,AR,★★★★★,Angelica,100,3263300,-,-,x5,,605,605,55,57,46,75,10,0,0,30,10,0,,,,100,,,Locked
141363535,1025,SG,★★★★★,Triela,100,3263300,-,-,x5,,1265,1265,37,12,12,26,6,21,4,40,1,0,,,,100,,,Locked
141730736,1026,MG,★★★★★,Claes,100,3263300,-,-,x5,,785,785,79,35,36,139,4,0,8,5,1,0,,,,100,,,Locked
143704502,98,HG,★★★★,SPP-1,100,3263300,-,-,x5,,380,380,35,61,75,48,15,0,0,20,8,0,,,,100,,,Locked
144092505,102,SMG,★★★★,UMP40,90,2071242,0,0,x5,,855,855,25,13,68,82,12,0,0,5,1,0,,,,100,,,Locked
145383374,273,RF,★★★★,SSG3000,100,3263300,-,-,x5,,440,440,126,77,30,37,7,0,0,40,10,0,,,,100,,,Locked
145390195,275,MG,★★★★,M1895 CB,100,3263300,-,-,x5,,950,950,90,26,23,131,4,0,10,5,10,0,,,,100,,,Locked
145426733,272,HG,★★★★★,Desert Eagle,100,3263300,-,-,x5,,365,365,41,57,66,55,15,0,0,40,10,0,,,,100,,,Locked
145586984,276,MG,★★★★★,Kord,100,3263300,-,-,x5,,990,990,109,22,21,110,4,0,9,5,10,0,,,,100,,,Locked
145696957,198,RF,★★★★★,Carcano M91/38,100,3263300,-,-,x5,,365,365,146,90,44,34,7,0,0,40,10,0,,,,100,,,Locked
146040231,274,AR,★★★★★,ACR,100,3263300,-,-,x5,,580,580,54,54,48,77,10,0,0,30,4,0,,,,100,,,Locked
146588676,20095,RF,★★★★,Type88 Mod,115,11829109,0,0,x5,Mod3,520,520,117,68,38,37,7,0,0,40,10,10,,,,100,,,Locked
146776220,276,MG,★★★★★,Kord,100,3263300,-,-,x5,,990,990,109,22,21,110,4,0,9,5,10,0,,,,100,,,Locked
147637202,20282,SG,★★★★★★,DP-12 Mod,117,16266640,0,0,x5,Mod3,1330,1330,35,15,14,39,6,25,5,40,10,10,,,,100,,,Locked
148407253,276,MG,★★★★★,Kord,100,3263300,-,-,x5,,990,990,109,22,21,110,4,0,9,5,10,0,,,,100,,,Locked
152144835,1028,SMG,★★★★★,Agent Vector,100,3263300,-,-,x5,,925,925,30,11,71,101,12,0,0,5,10,0,Go-Bag "V",.45 Hollow Point Ammo (Incendiary),Osprey 45 Silencer,100,,,Locked
152362472,1029,AR,★★★★★,Agent 416,100,3263300,-,-,x5,,605,605,51,46,44,76,10,0,0,20,8,0,ACOG (4X),556 High-Velocity Ammo (Explosive),416's Go-Bag,100,,,Locked
152430545,20154,SG,★★★★,M500 Mod,110,5563016,0,0,x5,Mod2,1340,1340,32,12,10,29,6,22,4,40,10,10,,,,100,,,Locked
152753018,20252,RF,★★★★★,KSVK Mod,111,6357616,614316,25684,x5,Mod2,450,450,163,85,30,32,7,0,0,40,1,8,,,,100,,,Locked
154710082,20061,AR,★★★★,StG44 Mod,110,5718700,455400,24600,x5,Mod2,645,645,57,49,37,65,10,0,0,20,1,1,,,,100,,,Locked
155174525,20012,HG,★★★★,C96 Mod,110,5593419,0,0,x5,Mod2,420,420,31,51,69,63,15,0,0,20,10,10,,,,100,,,Locked
156459804,307,MG,★★★★★,ZB-26,100,3263300,-,-,x5,,910,910,100,30,31,116,4,0,9,5,1,0,,,,100,,,Locked
156460120,20026,SMG,★★★★★,Gr MP5 Mod,112,6780560,397260,502740,x5,Mod2,895,895,31,14,70,90,12,0,0,5,10,10,,,,150,Oathed,2022-01-30 19:50,Locked
156649494,306,AR,★★★★★,AK-Alfa,100,3263300,-,-,x5,,580,580,56,53,52,75,10,0,0,20,2,0,,,,100,,,Locked
159567115,294,HG,★★★★★,Webley,100,3263300,-,-,x5,,430,430,29,66,81,57,15,0,0,20,10,0,S.F. Modified Tactical Light,ILM Hollow-Point Ammo,IOP X4 Exoskeleton,100,,,Locked
159649078,296,RF,★★★★★,Gr SL8,100,3263300,-,-,x5,,425,425,120,78,39,41,7,0,0,40,8,0,,,,100,,,Locked
160293931,297,AR,★★★★,FI M82,100,3263300,-,-,x5,,565,565,51,45,46,75,10,0,0,20,1,0,,,,100,,,Locked
160780680,281,SG,★★★★★,CAWS,100,3263300,-,-,x5,,1235,1235,30,12,13,35,6,23,5,40,1,0,,,,100,,,Locked
160907925,292,MG,★★★★★,RPK-16,100,3263300,-,-,x5,,825,825,85,37,36,129,4,0,10,5,10,0,,,,100,,,Locked
160991800,160,SG,★★★★★,Saiga-12,100,3263300,-,-,x5,,1320,1320,29,12,11,35,6,23,5,40,10,0,,,,100,,,Locked
160992080,295,SMG,★★★★,CF-05,100,3263300,-,-,x5,,950,950,26,13,73,87,12,0,0,5,10,0,Panda Dangle,ILM Hollow-Point Ammo,S.F. Modified Tactical Light,100,,,Locked
161542315,287,AR,★★★★★,SIG-556,100,3263300,-,-,x5,,605,605,51,46,45,76,10,0,0,20,1,0,,,,100,,,Locked
161958213,269,HG,★★★★,Gr P30,100,3263300,-,-,x5,,350,350,32,62,85,55,15,0,0,20,10,0,,,,100,,,Locked
162768814,6,HG,★★★,Tokarev,100,3263300,-,-,x5,,430,430,31,47,66,52,15,0,0,20,1,0,,,,100,,,Locked
163157497,20293,AR,★★★★★★,AK-15 Mod,115,11475178,0,0,x5,Mod3,590,590,63,54,53,78,10,0,0,20,10,10,VFL 6-24X56,16Lab High-Velocity Ammo,Perst-4,200,Oathed,2023-01-06 16:46,Locked
163330148,163,SG,★★★★★,AA-12,100,3263300,-,-,x5,,1345,1345,30,12,11,39,6,22,5,40,1,0,,,,100,,,Locked
164687103,290,AR,★★★★★,89 Shiki,100,3263300,-,-,x5,,605,605,54,48,45,79,10,0,0,20,5,0,,,,100,,,Locked
165359099,311,SMG,★★★★★,Lusa,90,2078905,0,0,x5,,970,970,27,12,63,91,12,0,0,5,8,0,,,,100,,,Locked
166112089,20031,SMG,★★★★,M38 Mod,110,5263300,0,0,x5,Mod2,1070,1070,33,12,59,78,12,0,0,5,1,1,,,,100,,,Locked
166662516,242,HG,★★★★★,P22,100,3263300,-,-,x5,,350,350,28,66,110,62,15,0,0,20,10,0,,,,100,,,Locked
167093325,9,HG,★★,P38,100,3263300,-,-,x5,,330,330,28,49,81,57,15,0,0,20,1,0,,,,100,,,Locked
167093618,167,HG,★★★,Gr HK45,100,3263300,-,-,x5,,330,330,34,58,80,55,15,0,0,20,1,0,,,,100,,,Locked
167802766,1009,HG,★★★★★,El Clear,6,1716,0,0,x1,,35,35,12,10,14,41,15,0,0,20,1,0,,,,100,,,Locked
168672667,1010,HG,★★★★★,El Fail,1,0,0,0,x1,,33,33,10,7,10,39,15,0,0,20,1,0,,,,100,,,Locked
168740861,20049,RF,★★★★,Type56R Mod,111,5775930,0,0,x5,Mod2,470,470,110,69,37,36,7,0,0,40,10,10,,,,100,,,Locked
170521378,324,SG,★★★★★,M6 ASW,100,3263300,-,-,x5,,1300,1300,39,15,14,28,6,22,4,40,8,0,,,,100,,,Locked
170521379,20152,SG,★★★★,M1897 Mod,110,5263300,0,0,x5,Mod2,1340,1340,36,12,11,26,6,22,4,40,1,1,,,,100,,,Locked
170521413,325,SG,★★★★,PM5,100,3263300,-,-,x5,,1190,1190,34,12,15,29,6,20,5,40,1,0,,,,100,,,Locked
170521446,165,SG,★★★★,M1014,100,3263300,-,-,x5,,1375,1375,31,12,11,32,6,21,4,40,1,0,,,,100,,,Locked
170521511,158,SG,★★★,KS-23,97,2913839,0,0,x5,,1355,1355,39,9,10,24,6,21,3,40,1,0,,,,100,,,Locked
170521512,156,SG,★★★★,Super-Shorty,100,3263300,-,-,x5,,1210,1210,28,14,19,30,6,20,3,40,1,0,,,,100,,,Locked
170521551,155,SG,★★★★,M590,95,2630291,0,0,x5,,1290,1290,31,11,10,30,6,21,4,40,1,0,,,,100,,,Locked
171094084,283,SG,★★★★,Liberator,100,3263300,-,-,x5,,1155,1155,36,12,15,30,6,21,4,40,1,0,,,,100,,,Locked
171555839,323,SG,★★★★★,LTLX7000,100,3263300,-,-,x5,,1375,1375,23,14,11,28,6,25,5,40,10,0,,,,150,Oathed,2024-01-01 21:02,Locked
172137262,20178,SMG,★★★★,F1 Mod,110,5263300,-,-,x5,Mod1,1070,1070,27,14,62,79,12,0,0,5,1,0,,,,100,,,Locked
172190816,242,HG,★★★★★,P22,100,3263300,-,-,x5,,350,350,28,66,110,62,15,0,0,20,10,0,,,,100,,,Locked
172429303,198,RF,★★★★★,Carcano M91/38,100,3263300,-,-,x5,,365,365,146,90,44,34,7,0,0,40,10,0,,,,100,,,Locked
172489302,20095,RF,★★★★,Type88 Mod,111,5880156,136856,503144,x5,Mod2,515,515,116,68,38,37,7,0,0,40,10,10,,,,100,,,Locked
172771041,20199,MG,★★★★★,Type80 Mod,113,7345799,0,0,x5,Mod2,910,910,97,28,25,119,4,0,10,5,10,10,,,,100,,,Locked
172771354,337,RF,★★★★★,De Lisle,100,3263300,-,-,x5,,510,510,109,87,38,37,7,0,0,40,10,0,,,,100,,,Locked
172771626,329,RF,★★★★★,SVCh,100,3263300,-,-,x5,,435,435,144,97,30,35,7,0,0,40,8,0,,,,100,,,Locked
172774236,303,HG,★★★★★,HP-35,100,3263300,-,-,x5,,380,380,31,64,89,58,15,0,0,20,10,0,,,,100,,,Locked
173135144,242,HG,★★★★★,P22,100,3263300,-,-,x5,,350,350,28,66,110,62,15,0,0,20,10,0,,,,100,,,Locked
173934867,1031,RF,★★★★★,Pekola,100,3263300,-,-,x5,,440,440,126,80,40,37,7,0,0,40,10,0,M1022 Sniper Rounds,VFL 6-24X56,Donut of Sweet Dreams,100,,,Locked
173949009,1032,AR,★★★★★,Medusa,100,3263300,-,-,x5,,605,605,58,57,47,73,10,0,0,30,10,0,,,,100,,,Locked
173953580,1034,SG,★★★★★,Minos,100,3263300,-,-,x5,,1430,1430,39,12,11,24,6,22,4,40,1,0,,,,100,,,Locked
174014959,1033,MG,★★★★★,Hanazono Yurine,100,3263300,-,-,x5,,910,910,93,29,24,128,4,0,10,5,10,0,,,,100,,,Locked
174402662,1030,SMG,★★★★★,Jashin-chan,93,2357014,0,0,x5,,980,980,25,12,71,79,12,0,0,5,1,0,,,,100,,,Locked
174441525,20071,AR,★★★★,Galil Mod,110,5263300,-,-,x5,Mod1,625,625,53,48,43,66,10,0,0,20,1,0,,,,100,,,Locked
175483428,302,SG,★★★★,Defender,100,3263300,-,-,x5,,1235,1235,38,13,17,27,6,18,8,40,10,0,,,,100,,,Locked
175592147,20125,MG,★★★★★★,Gr MG4 Mod,115,10847155,0,0,x5,Mod3,925,925,92,37,35,140,4,0,10,5,10,10,,,,200,Oathed,2024-05-05 13:46,Locked
177809757,20124,RF,★★★★,Super SASS Mod,110,5263300,-,-,x5,Mod1,450,450,123,72,30,40,7,0,0,40,1,0,,,,100,,,Locked
178643029,318,AR,★★★★★,VHS,100,3263300,-,-,x5,,580,580,57,54,47,78,10,0,0,20,1,0,,,,100,,,Locked
178829899,316,RF,★★★★★,General Liu,100,3263300,-,-,x5,,400,400,139,88,30,40,7,0,0,40,10,0,Mk211 High-Explosive Armor-Piercing Ammo,VFL 6-24X56,Thermoptic Camouflage Cape,100,,,Locked
179199286,312,RF,★★★★★,VSK-94,93,2364170,0,0,x5,,425,425,127,74,30,37,7,0,0,40,1,0,,,,100,,,Locked
179347988,315,SMG,★★★★★,AUG Para,100,3263300,-,-,x5,,925,925,29,15,83,88,12,0,0,5,8,0,,,,100,,,Locked
181485808,20104,SMG,★★★★★★,Gr G36c Mod,110,5600020,0,0,x5,Mod2,1070,1070,33,14,70,84,12,0,0,5,10,10,,,,100,,,Locked
181485967,339,MG,★★★★★,RPK-203,100,3263300,-,-,x5,,825,825,91,34,36,124,4,0,9,5,10,0,,,,100,,,Locked
181519785,338,AR,★★★★★,SIG MCX,100,3263300,-,-,x5,,580,580,49,57,46,83,10,0,0,20,10,0,,,,100,,,Locked
182044406,294,HG,★★★★★,Webley,100,3263300,-,-,x5,,430,430,29,66,81,57,15,0,0,20,10,0,,,,100,,,Locked
182329955,20001,HG,★★★★★,SAA Mod,112,6704356,321056,578944,x5,Mod2,410,410,37,50,78,50,15,0,0,20,10,10,,,,100,,,Locked
182612800,20220,HG,★★★★,MP-443 Mod,110,5263300,0,0,x5,Mod2,385,385,34,55,81,60,15,0,0,20,10,5,,,,100,,,Locked
182988270,20159,SG,★★★★,RMB-93 Mod,110,5551225,0,0,x5,Mod2,1225,1225,33,12,14,28,6,23,4,40,8,10,,,,100,,,Locked
183146824,20201,RF,★★★★,Gepard M1 Mod,111,6118300,0,0,x5,Mod2,450,450,154,82,29,30,7,0,0,40,2,10,,,,100,,,Locked
183597475,277,HG,★★★,Gr VP70,91,2126158,0,0,x5,,315,315,29,49,69,58,15,0,0,20,10,0,,,,100,,,Locked
184546980,353,SG,★★★★,MAG-7,100,3263300,-,-,x5,,1210,1210,44,15,10,26,6,20,5,40,10,0,,,,100,,,Locked
184547049,351,SG,★★★★★,M26-MASS,100,3263300,-,-,x5,,1265,1265,35,15,14,30,6,22,5,40,10,0,,,,100,,,Locked
184547230,20159,SG,★★★★,RMB-93 Mod,115,10437630,0,0,x5,Mod3,1235,1235,33,12,14,29,6,23,4,40,7,10,,,,200,Oathed,2022-11-28 21:02,Locked
184547270,352,SG,★★★★,Nova,100,3263300,-,-,x5,,1320,1320,31,13,16,29,6,19,7,40,10,0,,,,100,,,Locked
184686414,1022,SG,★★★★★,Dana Zane,1,0,0,0,x1,,135,135,15,2,2,18,6,3,1,40,1,0,,,,100,,,Locked
184753465,1017,HG,★★★★★,Jill Stingray,1,0,0,0,x1,,40,40,10,6,11,36,15,0,0,20,1,0,,,,100,,,Locked
185031839,20200,RF,★★★★★,XM3 Mod,115,10083300,-,-,x5,Mod2,430,430,139,93,33,37,7,0,0,40,10,10,,,,100,,,Locked
185081027,1019,SMG,★★★★★,Dorothy Haze,1,0,0,0,x1,,88,88,10,2,10,52,12,0,0,5,1,0,,,,100,,,Locked
185359515,1021,MG,★★★★★,Alma Armas,1,0,0,0,x1,,98,98,32,4,3,87,4,0,9,5,1,0,,,,100,,,Locked
185841510,350,SG,★★★★★,FO-12,100,3263300,-,-,x5,,1280,1280,30,13,11,36,6,23,5,40,10,0,,,,100,,,Locked
187732814,348,RF,★★★★★,HS.50,100,3263300,-,-,x5,,440,440,159,84,29,33,7,0,0,40,10,0,,,,150,Oathed,2022-06-12 09:34,Locked
187796392,349,AR,★★★★,AK74M,90,1979245,0,0,x5,,525,525,47,52,41,71,10,0,0,20,1,0,,,,100,,,Locked
187851981,347,SMG,★★★★★,SR2,100,3263300,-,-,x5,,1040,1040,31,14,65,92,12,0,0,5,1,0,,,,100,,,Locked
188340704,198,RF,★★★★★,Carcano M91/38,100,3263300,-,-,x5,,365,365,146,90,44,34,7,0,0,40,10,0,,,,100,,,Locked
188340833,20293,AR,★★★★★★,AK-15 Mod,110,5515318,252018,227982,x5,Mod2,585,585,62,53,52,78,10,0,0,20,10,10,,,,100,,,Locked
188709941,272,HG,★★★★★,Desert Eagle,100,3263300,-,-,x5,,365,365,41,57,66,55,15,0,0,40,1,0,,,,100,,,Locked
188730924,20154,SG,★★★★,M500 Mod,111,6251000,0,0,x5,Mod2,1340,1340,32,12,10,29,6,22,4,40,10,10,,,,100,,,Locked
189585220,323,SG,★★★★★,LTLX7000,100,3263300,-,-,x5,,1375,1375,23,14,11,28,6,25,5,40,10,0,,,,100,,,Locked
190545744,331,HG,★★★★★,Kolibri,100,3263300,-,-,x5,,330,330,15,59,128,58,15,0,0,20,10,0,S.F. Modified Tactical Light,ILM Hollow-Point Ammo,IOP T4 Exoskeleton,100,,,Locked
190958999,198,RF,★★★★★,Carcano M91/38,100,3263300,-,-,x5,,365,365,146,90,44,34,7,0,0,40,10,0,,,,100,,,Locked
191097197,198,RF,★★★★★,Carcano M91/38,100,3263300,-,-,x5,,365,365,146,90,44,34,7,0,0,40,10,0,,,,100,,,Locked
192687301,354,HG,★★★★,ZiP .22,100,3263300,-,-,x5,,330,330,31,40,85,63,15,0,0,20,10,0,PEQ-16A,16Lab Hollow-Point,16Lab T4 Exoskeleton,100,,,Locked
192687967,354,HG,★★★★,ZiP .22,100,3263300,-,-,x5,,330,330,31,40,85,63,15,0,0,20,10,0,16Lab Infrared Designator,ILM Hollow-Point Ammo,IOP T4 Exoskeleton,100,,,Locked
192688063,20,SMG,★★★★★,Vector,100,3263300,-,-,x1,,185,185,30,11,71,101,12,0,0,5,10,0,#2 Processor,ILM Hollow-Point Ammo,EOT 518,100,,,Locked
192688139,60,AR,★★★★,AS Val,100,3263300,-,-,x5,,660,660,39,46,49,75,10,0,0,20,1,0,,,,100,,,Locked
192929983,20171,AR,★★★★★,Ribeyrolles Mod,110,5429644,166344,313656,x5,Mod2,585,585,65,47,41,68,10,0,0,20,10,10,,,,100,,,Locked
193090230,354,HG,★★★★,ZiP .22,100,3263300,-,-,x5,,330,330,31,40,85,63,15,0,0,20,10,0,,,,100,,,Locked
193242725,20095,RF,★★★★,Type88 Mod,111,5938177,194877,445123,x5,Mod2,515,515,116,68,38,37,7,0,0,40,10,10,,,,100,,,Locked
193286333,154,SG,★★★,M500,1,0,0,0,x1,,132,132,13,2,2,21,6,3,4,40,1,0,,,,100,,,Locked
193692175,159,SG,★★★,RMB-93,1,0,0,0,x1,,121,121,12,2,2,20,6,3,4,40,1,0,,,,100,,,Locked
193886319,198,RF,★★★★★,Carcano M91/38,100,3263300,-,-,x5,,365,365,146,90,44,34,7,0,0,40,10,0,,,,100,,,Locked
193948123,350,SG,★★★★★,FO-12,100,3263300,-,-,x5,,1280,1280,30,13,11,36,6,23,5,40,1,0,,,,100,,,Locked
194152694,352,SG,★★★★,Nova,100,3263300,-,-,x5,,1320,1320,31,13,16,29,6,19,7,40,10,0,,,,100,,,Locked
194153515,339,MG,★★★★★,RPK-203,100,3263300,-,-,x5,,825,825,91,34,36,124,4,0,9,5,10,0,,,,100,,,Locked
194335871,159,SG,★★★,RMB-93,1,0,0,0,x1,,121,121,12,2,2,20,6,3,4,40,1,0,,,,100,,,Locked
194568050,302,SG,★★★★,Defender,100,3263300,-,-,x5,,1235,1235,38,13,17,27,6,18,8,40,10,0,,,,100,,,Locked
194863896,356,AR,★★★★★,A-545,96,2770000,0,0,x5,,540,540,54,51,48,81,10,0,0,20,1,0,,,,100,,,Locked
194863991,364,SMG,★★★★,MPK,100,3263300,-,-,x5,,925,925,30,13,75,78,12,0,0,5,10,0,IOP T4 Exoskeleton,ILM Hollow-Point Ammo,S.F. Modified Tactical Light,100,,,Locked
194864019,20115,SMG,★★★★★★,Suomi Mod,112,6914256,0,0,x5,Mod2,1120,1120,31,16,72,94,12,0,0,5,10,10,,,,100,,,Locked
194864119,364,SMG,★★★★,MPK,100,3263300,-,-,x5,,925,925,30,13,75,78,12,0,0,5,10,0,IOP T4 Exoskeleton,ILM Hollow-Point Ammo,VFL 6-24X56,100,,,Locked
194864278,363,SMG,★★★★,MPL,100,3263300,-,-,x5,,925,925,31,13,72,78,12,0,0,5,10,0,IOP T4 Exoskeleton,ILM Hollow-Point Ammo,VFL 6-24X56,100,,,Locked
194901604,363,SMG,★★★★,MPL,100,3263300,-,-,x5,,925,925,31,13,72,78,12,0,0,5,10,0,,,,100,,,Locked
194901622,364,SMG,★★★★,MPK,100,3263300,-,-,x5,,925,925,30,13,75,78,12,0,0,5,10,0,,,,100,,,Locked
194901700,363,SMG,★★★★,MPL,100,3263300,-,-,x5,,925,925,31,13,72,78,12,0,0,5,10,0,,,,100,,,Locked
195270998,20046,RF,★★★★★★,Kar98k Mod,115,10202954,119654,2080346,x5,Mod3,440,440,146,88,42,36,7,0,0,40,10,10,,,,200,Oathed,2023-12-21 11:51,Locked
195457040,351,SG,★★★★★,M26-MASS,100,3263300,-,-,x5,,1265,1265,35,15,14,30,6,22,5,40,10,0,,,,100,,,Locked
195585596,341,SMG,★★★★★,SP9,100,3263300,-,-,x5,,1100,1100,28,13,69,89,12,0,0,5,10,0,,,,100,,,Locked
195602452,343,AR,★★★★,APC556,90,1975830,0,0,x5,,535,535,45,44,41,74,10,0,0,20,10,0,,,,100,,,Locked
195603887,345,MG,★★★★★,MG338,100,3263300,-,-,x5,,870,870,104,26,26,125,4,0,9,5,10,0,,,,100,,,Locked
195607688,323,SG,★★★★★,LTLX7000,100,3263300,-,-,x5,,1375,1375,23,14,11,28,6,25,5,40,10,0,,,,100,,,Locked
195936606,331,HG,★★★★★,Kolibri,100,3263300,-,-,x5,,330,330,15,59,128,58,15,0,0,20,10,0,,,,100,,,Locked
195936819,331,HG,★★★★★,Kolibri,100,3263300,-,-,x1,,66,66,15,59,128,58,15,0,0,20,8,0,,,,100,,,Locked
196159768,352,SG,★★★★,Nova,96,2798306,0,0,x5,,1295,1295,30,13,15,28,6,19,7,40,10,0,,,,100,,,Locked
196160153,341,SMG,★★★★★,SP9,100,3263300,-,-,x5,,1100,1100,28,13,69,89,12,0,0,5,10,0,,,,100,,,Locked
196581249,350,SG,★★★★★,FO-12,100,3263300,-,-,x5,,1280,1280,30,13,11,36,6,23,5,40,1,0,,,,100,,,Locked
196720206,352,SG,★★★★,Nova,11,6540,0,0,x2,,292,292,13,4,4,20,6,4,7,40,1,0,,,,100,,,Locked
196787859,198,RF,★★★★★,Carcano M91/38,100,3263300,-,-,x5,,365,365,146,90,44,34,7,0,0,40,10,0,,,,100,,,Locked
197224514,350,SG,★★★★★,FO-12,98,3053532,0,0,x5,,1265,1265,30,13,11,36,6,23,5,40,1,0,,,,100,,,Locked
197240961,20230,RF,★★★★,OBR Mod,110,5263300,0,0,x5,Mod2,425,425,124,84,33,37,7,0,0,40,10,10,,,,100,,,Locked
197419989,20216,AR,★★★★★,XM8 Mod,112,7124500,0,0,x5,Mod2,550,550,54,50,47,81,10,0,0,20,10,10,,,,100,,,Locked
197661322,323,SG,★★★★★,LTLX7000,100,3263300,-,-,x5,,1375,1375,23,14,11,28,6,25,5,40,10,0,,,,100,,,Locked
197894180,15,HG,★★★,G17,90,1975460,0,0,x5,,300,300,27,53,79,59,15,0,0,20,10,0,,,,100,,,Locked
197925642,20005,HG,★★★★,M1895 Mod,110,5639116,375816,104184,x5,Mod2,355,355,35,47,98,45,15,0,0,20,10,10,,,,100,,,Locked
198138940,20114,HG,★★★★★★,Welrod MkⅡ Mod,114,9449288,965988,634012,x5,Mod2,405,405,30,74,97,52,15,0,0,40,10,10,PEQ-16A,16Lab Hollow-Point,IOP T4 Exoskeleton,100,,,Locked
198161575,20046,RF,★★★★★★,Kar98k Mod,115,10118970,35670,2164330,x5,Mod3,440,440,146,88,42,36,7,0,0,40,10,10,,,,100,,,Locked
198161578,257,RF,★★★★★,M200,90,1975488,0,0,x5,,420,420,135,88,29,33,7,0,0,40,1,0,,,,100,,,Locked
198515487,351,SG,★★★★★,M26-MASS,100,3263300,-,-,x5,,1265,1265,35,15,14,30,6,22,5,40,10,0,,,,100,,,Locked
198640807,358,HG,★★★★,PPQ,100,3263300,-,-,x5,,350,350,32,58,70,61,15,0,0,20,10,0,,,,100,,,Locked
198653954,361,AR,★★★★★,QBZ-191,100,3263300,-,-,x5,,605,605,56,51,46,78,10,0,0,20,10,0,,,,100,,,Locked
198655070,323,SG,★★★★★,LTLX7000,100,3263300,-,-,x5,,1375,1375,23,14,11,28,6,25,5,40,10,0,,,,100,,,Locked
198692120,348,RF,★★★★★,HS.50,90,1995024,0,0,x5,,420,420,149,77,27,32,7,0,0,40,1,0,,,,100,,,Locked
199533534,20005,HG,★★★★,M1895 Mod,110,5637490,0,0,x5,Mod2,355,355,35,47,98,45,15,0,0,20,10,10,,,,100,,,Locked
200463247,350,SG,★★★★★,FO-12,100,3263300,-,-,x5,,1280,1280,30,13,11,36,6,23,5,40,1,0,,,,100,,,Locked
200941909,20088,MG,★★★★★,MG3 Mod,115,10083300,0,0,x5,Mod3,1010,1010,91,27,23,131,4,0,10,5,10,10,,,,100,,,Locked
201028333,323,SG,★★★★★,LTLX7000,100,3263300,-,-,x5,,1375,1375,23,14,11,28,6,25,5,40,10,0,,,,100,,,Locked
201031561,366,SG,★★★★★,SPAS-15,100,3263300,-,-,x5,,1320,1320,35,14,10,34,6,23,3,40,10,0,,,,150,Oathed,2024-01-01 21:32,Locked
201083320,366,SG,★★★★★,SPAS-15,100,3263300,-,-,x5,,1320,1320,35,14,10,34,6,23,3,40,10,0,,,,100,,,Locked
201127938,364,SMG,★★★★,MPK,100,3263300,-,-,x5,,925,925,30,13,75,78,12,0,0,5,10,0,,,,100,,,Locked
201127941,363,SMG,★★★★,MPL,100,3263300,-,-,x5,,925,925,31,13,72,78,12,0,0,5,10,0,,,,100,,,Locked
201208947,228,SMG,★★★★★,100 Shiki,1,0,0,0,x1,,106,106,11,2,9,52,12,0,0,5,1,0,,,,100,,,Locked
201208958,364,SMG,★★★★,MPK,100,3263300,-,-,x5,,925,925,30,13,75,78,12,0,0,5,10,0,,,,100,,,Locked
201209021,228,SMG,★★★★★,100 Shiki,100,3263300,-,-,x5,,1060,1060,29,14,67,76,12,0,0,5,3,0,,,,100,,,Locked
201225714,364,SMG,★★★★,MPK,100,3263300,-,-,x5,,925,925,30,13,75,78,12,0,0,5,10,0,,,,100,,,Locked
201225720,363,SMG,★★★★,MPL,100,3263300,-,-,x5,,925,925,31,13,72,78,12,0,0,5,10,0,,,,100,,,Locked
201231169,332,HG,★★★★,Derringer,100,3263300,-,-,x5,,350,350,31,60,93,52,15,0,0,20,10,0,,,,100,,,Locked
201648800,364,SMG,★★★★,MPK,100,3263300,-,-,x5,,925,925,30,13,75,78,12,0,0,5,10,0,,,,100,,,Locked
201664040,363,SMG,★★★★,MPL,100,3263300,-,-,x5,,925,925,31,13,72,78,12,0,0,5,10,0,,,,100,,,Locked
201732973,363,SMG,★★★★,MPL,100,3263300,-,-,x5,,925,925,31,13,72,78,12,0,0,5,10,0,,,,100,,,Locked
201739505,363,SMG,★★★★,MPL,100,3263300,-,-,x5,,925,925,31,13,72,78,12,0,0,5,10,0,,,,100,,,Locked
201759097,364,SMG,★★★★,MPK,100,3263300,-,-,x5,,925,925,30,13,75,78,12,0,0,5,10,0,,,,100,,,Locked
201761263,364,SMG,★★★★,MPK,100,3263300,-,-,x5,,925,925,30,13,75,78,12,0,0,5,10,0,,,,100,,,Locked
201785429,104,SMG,★★★★★,Gr G36c,1,0,0,0,x1,,102,102,13,2,10,60,12,0,0,5,1,0,,,,100,,,Locked
201786997,20115,SMG,★★★★★★,Suomi Mod,111,5826214,0,0,x5,Mod2,1115,1115,31,15,72,94,12,0,0,5,10,10,,,,100,,,Locked
202067564,363,SMG,★★★★,MPL,100,3263300,-,-,x5,,925,925,31,13,72,78,12,0,0,5,10,0,,,,100,,,Locked
202296027,368,SG,★★★★,UTS-15,100,3263300,-,-,x5,,1155,1155,40,16,17,27,6,20,5,40,10,0,,,,100,,,Locked
202393869,20115,SMG,★★★★★★,Suomi Mod,111,5937731,194431,445569,x5,Mod2,1115,1115,31,15,72,94,12,0,0,5,10,10,,,,100,,,Locked
202393873,20115,SMG,★★★★★★,Suomi Mod,111,5790021,46721,593279,x5,Mod2,1115,1115,31,15,72,94,12,0,0,5,10,10,IOP T4 Exoskeleton,,,100,,,Locked
202394404,20103,SMG,★★★★★,UMP45 Mod,112,7026370,643070,256930,x5,Mod2,965,965,29,14,76,83,12,0,0,5,10,10,,,,100,,,Locked
202394406,20103,SMG,★★★★★,UMP45 Mod,112,6880570,497270,402730,x5,Mod2,965,965,29,14,76,83,12,0,0,5,10,10,,,,100,,,Locked
202394534,115,SMG,★★★★★,Suomi,97,2948460,0,0,x5,,1085,1085,28,14,55,92,12,0,0,5,10,0,,,,100,,,Locked
202394839,46,RF,★★★★★,Kar98k,100,3263300,-,-,x5,,420,420,135,78,41,34,7,0,0,40,8,0,,,,100,,,Locked
202397964,100,HG,★★★★,P7,100,3263300,-,-,x5,,315,315,32,62,83,61,15,0,0,20,10,0,,,,100,,,Locked
202405620,303,HG,★★★★★,HP-35,92,2257158,0,0,x5,,365,365,30,59,83,56,15,0,0,20,10,0,,,,100,,,Locked
202585035,368,SG,★★★★,UTS-15,1,0,0,0,x1,,116,116,14,2,2,18,6,3,5,40,1,0,,,,100,,,Locked
202585036,368,SG,★★★★,UTS-15,1,0,0,0,x1,,116,116,14,2,2,18,6,3,5,40,1,0,,,,100,,,Locked
202654163,46,RF,★★★★★,Kar98k,1,0,0,0,x1,,42,42,45,9,5,22,7,0,0,40,1,0,,,,100,,,Locked
202656461,366,SG,★★★★★,SPAS-15,100,3263300,-,-,x5,,1320,1320,35,14,10,34,6,23,3,40,10,0,,,,100,,,Locked
203011173,1035,HG,★★★★★,Tae Yamada,90,1979400,0,0,x5,,440,440,25,40,63,51,15,0,1,20,1,0,,,,100,,,Locked
203050085,1038,AR,★★★★★,Ai Mizuno,100,3263300,-,-,x5,,580,580,58,57,43,67,10,0,1,20,10,0,VFL 6-24X56,APCR High-Velocity Ammo,Bento of Love,100,,,Locked
203190470,366,SG,★★★★★,SPAS-15,94,2508570,0,0,x5,,1280,1280,34,14,10,34,6,22,3,40,10,0,,,,100,,,Locked
203226027,1038,AR,★★★★★,Ai Mizuno,1,0,0,0,x1,,58,58,20,7,5,45,10,0,1,20,1,0,,,,100,,,Locked
203742779,377,RF,★★★★★,SCAR-H,100,3263300,-,-,x5,,425,425,114,93,29,41,7,0,0,40,10,0,M948 Mod X,VFL 6-24X56,Thermoptic Camouflage Cape,100,,,Locked
203932568,46,RF,★★★★★,Kar98k,1,0,0,0,x1,,42,42,45,9,5,22,7,0,0,40,1,0,,,,100,,,Locked
204001762,50,RF,★★★★★,Lee Enfield,90,2079675,0,0,x5,,380,380,126,71,36,34,7,0,0,40,1,0,,,,100,,,Locked
204003317,377,RF,★★★★★,SCAR-H,100,3263300,-,-,x5,,425,425,114,93,29,41,7,0,0,40,10,0,M1022 Sniper Rounds,VFL 6-24X56,Thermoptic Camouflage Cape,100,,,Locked
204003733,378,AR,★★★★★,SCAR-L,100,3263300,-,-,x5,,550,550,56,48,52,78,10,0,0,20,10,0,PEQ-16A,MK318 Mod X,#2 Processor,100,,,Locked
204004067,198,RF,★★★★★,Carcano M91/38,1,0,0,0,x1,,37,37,47,10,5,22,7,0,0,40,1,0,,,,100,,,Locked
204027737,377,RF,★★★★★,SCAR-H,100,3263300,-,-,x5,,425,425,114,93,29,41,7,0,0,40,10,0,,,,100,,,Locked
204205348,378,AR,★★★★★,SCAR-L,100,3263300,-,-,x5,,550,550,56,48,52,78,10,0,0,20,10,0,VFL 6-24X56,APCR High-Velocity Ammo,Focus Chip,100,,,Locked
204246845,114,HG,★★★★★,Welrod MkⅡ,30,45000,0,0,x3,,156,156,15,27,34,39,15,0,0,40,1,0,,,,100,,,Locked
204287009,323,SG,★★★★★,LTLX7000,100,3263300,-,-,x5,,1375,1375,23,14,11,28,6,25,5,40,10,0,,,,100,,,Locked
204289662,323,SG,★★★★★,LTLX7000,100,3263300,-,-,x5,,1375,1375,23,14,11,28,6,25,5,40,10,0,,,,100,,,Locked
204344742,368,SG,★★★★,UTS-15,1,0,0,0,x1,,116,116,14,2,2,18,6,3,5,40,1,0,,,,100,,,Locked
204431212,212,HG,★★★★,K5,1,0,0,0,x1,,33,33,11,7,11,43,15,0,0,40,1,0,,,,100,,,Locked
204471033,212,HG,★★★★,K5,1,0,0,0,x1,,33,33,11,7,11,43,15,0,0,40,1,0,,,,100,,,Locked
204490365,375,HG,★★★★★,Colt Walker,100,3263300,-,-,x5,,300,300,36,60,112,57,15,0,0,20,10,0,,,,100,,,Locked
204536921,377,RF,★★★★★,SCAR-H,100,3263300,-,-,x5,,425,425,114,93,29,41,7,0,0,40,10,0,,,,100,,,Locked
204712503,350,SG,★★★★★,FO-12,98,2984545,0,0,x5,,1265,1265,30,13,11,36,6,23,5,40,1,0,,,,100,,,Locked
204800611,162,SG,★★★★,SPAS-12,1,0,0,0,x1,,138,138,14,2,2,23,6,3,4,40,1,0,,,,100,,,Locked
204831063,378,AR,★★★★★,SCAR-L,100,3263300,-,-,x5,,550,550,56,48,52,78,10,0,0,20,10,0,,,,100,,,Locked
204888324,378,AR,★★★★★,SCAR-L,100,3263300,-,-,x5,,550,550,56,48,52,78,10,0,0,20,10,0,,,,100,,,Locked
205046737,368,SG,★★★★,UTS-15,2,187,0,0,x1,,117,117,15,3,3,19,6,3,5,40,1,0,,,,100,,,Locked
205157694,352,SG,★★★★,Nova,1,0,0,0,x1,,132,132,11,2,2,19,6,3,7,40,1,0,,,,100,,,Locked
205305375,366,SG,★★★★★,SPAS-15,96,2804404,0,0,x5,,1295,1295,34,14,10,34,6,22,3,40,10,0,,,,100,,,Locked
205341987,350,SG,★★★★★,FO-12,94,2539080,0,0,x5,,1240,1240,29,12,11,35,6,22,5,40,1,0,,,,100,,,Locked
205561440,370,HG,★★★★,P290,100,3263300,-,-,x5,,365,365,27,58,85,61,15,0,0,20,10,0,,,,100,,,Locked
205561624,374,MG,★★★★★,M240L,100,3263300,-,-,x5,,875,875,101,34,31,128,4,0,11,5,10,0,,,,100,,,Locked
205561625,373,AR,★★★★,CMR-30,93,2436150,0,0,x5,,520,520,47,53,45,71,10,0,0,20,1,0,,,,100,,,Locked
205566391,374,MG,★★★★★,M240L,100,3263300,-,-,x5,,875,875,101,34,31,128,4,0,11,5,10,0,,,,100,,,Locked
205590521,374,MG,★★★★★,M240L,100,3263300,-,-,x5,,875,875,101,34,31,128,4,0,11,5,10,0,,,,100,,,Locked
205596314,374,MG,★★★★★,M240L,100,3263300,-,-,x5,,875,875,101,34,31,128,4,0,11,5,10,0,,,,100,,,Locked
205596761,374,MG,★★★★★,M240L,100,3263300,-,-,x5,,875,875,101,34,31,128,4,0,11,5,10,0,,,,100,,,Locked
205599717,374,MG,★★★★★,M240L,100,3263300,-,-,x5,,875,875,101,34,31,128,4,0,11,5,10,0,,,,100,,,Locked
205604625,374,MG,★★★★★,M240L,1,0,0,0,x1,,88,88,34,4,4,83,4,0,11,5,1,0,,,,100,,,Locked
205647095,374,MG,★★★★★,M240L,1,50,0,0,x1,,88,88,34,4,4,83,4,0,11,5,1,0,,,,100,,,Locked
205688936,374,MG,★★★★★,M240L,1,0,0,0,x1,,88,88,34,4,4,83,4,0,11,5,1,0,,,,100,,,Locked
205858793,374,MG,★★★★★,M240L,1,0,0,0,x1,,88,88,34,4,4,83,4,0,11,5,1,0,,,,100,,,Locked
205868577,373,AR,★★★★,CMR-30,1,0,0,0,x1,,54,54,17,7,6,48,10,0,0,20,1,0,,,,100,,,Locked
205914661,367,SG,★★★★★,MK3A1,100,3263300,-,-,x5,,1100,1100,35,12,13,38,6,23,6,40,10,0,,,,100,,,Locked
205991414,373,AR,★★★★,CMR-30,1,0,0,0,x1,,54,54,17,7,6,48,10,0,0,20,1,0,,,,100,,,Locked
206012869,352,SG,★★★★,Nova,1,50,0,0,x1,,132,132,11,2,2,19,6,3,7,40,1,0,,,,100,,,Locked
206221425,354,HG,★★★★,ZiP .22,100,3263300,-,-,x5,,330,330,31,40,85,63,15,0,0,20,10,0,,,,100,,,Locked
206260875,366,SG,★★★★★,SPAS-15,100,3263300,-,-,x5,,1320,1320,35,14,10,34,6,23,3,40,10,0,,,,100,,,Locked
206362242,373,AR,★★★★,CMR-30,1,50,0,0,x1,,54,54,17,7,6,48,10,0,0,20,1,0,,,,100,,,Locked
206367473,162,SG,★★★★,SPAS-12,1,0,0,0,x1,,138,138,14,2,2,23,6,3,4,40,1,0,,,,100,,,Locked
206391124,373,AR,★★★★,CMR-30,3,576,0,0,x1,,55,55,18,8,7,49,10,0,0,20,1,0,,,,100,,,Locked
206457616,373,AR,★★★★,CMR-30,1,0,0,0,x1,,54,54,17,7,6,48,10,0,0,20,1,0,,,,100,,,Locked
206457633,378,AR,★★★★★,SCAR-L,100,3263300,-,-,x5,,550,550,56,48,52,78,10,0,0,20,10,0,,,,100,,,Locked
206473541,378,AR,★★★★★,SCAR-L,100,3263300,-,-,x5,,550,550,56,48,52,78,10,0,0,20,10,0,,,,100,,,Locked
206542908,368,SG,★★★★,UTS-15,97,2901215,0,0,x5,,1140,1140,39,16,17,27,6,20,5,40,1,0,,,,100,,,Locked
206659436,377,RF,★★★★★,SCAR-H,100,3263300,-,-,x5,,425,425,114,93,29,41,7,0,0,40,10,0,,,,100,,,Locked
206690107,331,HG,★★★★★,Kolibri,1,0,0,0,x1,,33,33,5,7,15,38,15,0,0,20,1,0,,,,100,,,Locked
207246852,331,HG,★★★★★,Kolibri,3,480,0,0,x1,,34,34,6,9,18,39,15,0,0,20,1,0,,,,100,,,Locked
207634704,115,SMG,★★★★★,Suomi,1,0,0,0,x1,,110,110,11,2,8,65,12,0,0,5,1,0,,,,100,,,Locked
207907647,345,MG,★★★★★,MG338,1,0,0,0,x1,,87,87,36,3,3,83,4,0,9,5,1,0,,,,100,,,Locked
208027861,345,MG,★★★★★,MG338,1,0,0,0,x1,,87,87,36,3,3,83,4,0,9,5,1,0,,,,100,,,Locked
208095863,377,RF,★★★★★,SCAR-H,100,3263300,-,-,x5,,425,425,114,93,29,41,7,0,0,40,10,0,,,,100,,,Locked
208159044,345,MG,★★★★★,MG338,1,0,0,0,x1,,87,87,36,3,3,83,4,0,9,5,1,0,,,,100,,,Locked
208159637,345,MG,★★★★★,MG338,1,0,0,0,x1,,87,87,36,3,3,83,4,0,9,5,1,0,,,,100,,,Locked
208173540,323,SG,★★★★★,LTLX7000,100,3263300,-,-,x5,,1375,1375,23,14,11,28,6,25,5,40,10,0,,,,100,,,Locked
208270652,378,AR,★★★★★,SCAR-L,100,3263300,-,-,x5,,550,550,56,48,52,78,10,0,0,20,10,0,,,,100,,,Locked
208270751,377,RF,★★★★★,SCAR-H,100,3263300,-,-,x5,,425,425,114,93,29,41,7,0,0,40,10,0,,,,100,,,Locked
208270756,198,RF,★★★★★,Carcano M91/38,1,0,0,0,x1,,37,37,47,10,5,22,7,0,0,40,1,0,,,,100,,,Locked
208270771,377,RF,★★★★★,SCAR-H,100,3263300,-,-,x5,,425,425,114,93,29,41,7,0,0,40,10,0,,,,100,,,Locked
208270828,377,RF,★★★★★,SCAR-H,100,3263300,-,-,x5,,425,425,114,93,29,41,7,0,0,40,10,0,,,,100,,,Locked
208271146,198,RF,★★★★★,Carcano M91/38,1,0,0,0,x1,,37,37,47,10,5,22,7,0,0,40,1,0,,,,100,,,Locked
208271182,377,RF,★★★★★,SCAR-H,100,3263300,-,-,x1,,85,85,114,93,29,41,7,0,0,40,10,0,,,,100,,,Locked
208271213,378,AR,★★★★★,SCAR-L,100,3263300,-,-,x5,,550,550,56,48,52,78,10,0,0,20,10,0,,,,100,,,Locked
208271389,378,AR,★★★★★,SCAR-L,100,3263300,-,-,x5,,550,550,56,48,52,78,10,0,0,20,10,0,,,,100,,,Locked
208424004,20282,SG,★★★★★★,DP-12 Mod,110,5313940,50640,429360,x5,Mod2,1315,1315,35,14,14,39,6,24,5,40,10,10,,,,100,,,Locked
208431258,377,RF,★★★★★,SCAR-H,100,3263300,-,-,x5,,425,425,114,93,29,41,7,0,0,40,10,0,,,,100,,,Locked
208488766,323,SG,★★★★★,LTLX7000,80,1285810,0,0,x1,,248,248,20,12,9,27,6,20,5,40,1,0,Type 3 Armor Plate,Shotgun Flash Shells,,100,,,Locked
208746543,162,SG,★★★★,SPAS-12,1,0,0,0,x1,,138,138,14,2,2,23,6,3,4,40,1,0,,,,100,,,Locked
208762353,366,SG,★★★★★,SPAS-15,1,0,0,0,x1,,132,132,14,2,2,24,6,3,3,40,10,0,,,,100,,,Locked
209176284,125,MG,★★★★★,Gr MG4,1,0,0,0,x1,,91,91,28,4,4,90,4,0,9,5,1,0,,,,100,,,Locked
209199858,375,HG,★★★★★,Colt Walker,100,3263300,-,-,x5,,300,300,36,60,112,57,15,0,0,20,10,0,,,,100,,,Locked
209199870,303,HG,★★★★★,HP-35,92,2273400,0,0,x5,,365,365,30,59,83,56,15,0,0,20,10,0,,,,100,,,Locked
209257400,377,RF,★★★★★,SCAR-H,100,3263300,-,-,x5,,425,425,114,93,29,41,7,0,0,40,10,0,,,,100,,,Locked
209257532,379,HG,★★★★,P10C,100,3263300,-,-,x5,,360,360,29,50,75,65,15,0,0,20,10,0,S.F. Modified Tactical Light,ILM Hollow-Point Ammo,IOP X4 Exoskeleton,100,,,Locked
209266207,379,HG,★★★★,P10C,100,3263300,-,-,x5,,360,360,29,50,75,65,15,0,0,20,10,0,,,,100,,,Locked
209414412,380,SMG,★★★★,APC9K,100,3263300,-,-,x5,,880,880,26,13,68,98,12,0,0,5,10,0,IOP T4 Exoskeleton,ILM Hollow-Point Ammo,S.F. Modified Tactical Light,100,,,Locked
209414451,382,AR,★★★★,MSBS,100,3263300,-,-,x5,,550,550,51,50,47,72,10,0,0,20,10,0,VFL 6-24X56,APCR High-Velocity Ammo,#2 Processor,100,,,Locked
209435212,379,HG,★★★★,P10C,100,3263300,-,-,x5,,360,360,29,50,75,65,15,0,0,20,10,0,,,,100,,,Locked
209530234,362,MG,★★★★,LS26,100,3263300,-,-,x5,,825,825,108,30,25,96,4,0,9,5,1,0,,,,100,,,Locked
209531969,382,AR,★★★★,MSBS,100,3263300,-,-,x5,,550,550,51,50,47,72,10,0,0,20,10,0,,,,100,,,Locked
210186622,88,MG,★★★★,MG3,1,0,0,0,x1,,99,99,32,4,3,90,4,0,10,5,1,0,,,,100,,,Locked
210186629,379,HG,★★★★,P10C,94,2494380,47680,79020,x5,,350,350,28,48,71,64,15,0,0,20,10,0,S.F. Modified Tactical Light,Signal Flare,IOP T4 Exoskeleton,100,,,Locked
210190350,387,SG,★★★★★,TPS,100,3263300,-,-,x5,,1265,1265,29,15,14,33,6,23,6,40,10,0,,,,100,,,Locked
210191554,376,SMG,★★★★★,Erma,100,3263300,-,-,x5,,1320,1320,26,12,62,84,12,0,0,5,10,0,,,,100,,,Locked
210191595,379,HG,★★★★,P10C,100,3263300,-,-,x5,,360,360,29,50,75,65,15,0,0,20,10,0,,,,100,,,Locked
210191690,382,AR,★★★★,MSBS,100,3263300,-,-,x5,,550,550,51,50,47,72,10,0,0,20,1,0,,,,100,,,Locked
210191714,382,AR,★★★★,MSBS,1,0,0,0,x1,,55,55,18,6,6,48,10,0,0,20,1,0,,,,100,,,Locked
210191793,382,AR,★★★★,MSBS,1,0,0,0,x1,,55,55,18,6,6,48,10,0,0,20,1,0,,,,100,,,Locked
210191833,303,HG,★★★★★,HP-35,92,2278200,0,0,x5,,365,365,30,59,83,56,15,0,0,20,10,0,,,,100,,,Locked
210191850,379,HG,★★★★,P10C,100,3263300,-,-,x5,,360,360,29,50,75,65,15,0,0,20,10,0,,,,100,,,Locked
210191904,303,HG,★★★★★,HP-35,90,2038740,0,0,x5,,365,365,29,58,81,56,15,0,0,20,10,0,,,,100,,,Locked
210191963,379,HG,★★★★,P10C,99,3137778,20178,125522,x5,,355,355,28,50,74,65,15,0,0,20,10,0,PEQ-16A,ILM Hollow-Point Ammo,IOP T4 Exoskeleton,100,,,Locked
210192125,303,HG,★★★★★,HP-35,90,1981200,0,0,x5,,365,365,29,58,81,56,15,0,0,20,1,0,,,,100,,,Locked
210192149,375,HG,★★★★★,Colt Walker,100,3263300,-,-,x5,,300,300,36,60,112,57,15,0,0,20,10,0,,,,100,,,Locked
210192314,379,HG,★★★★,P10C,93,2442846,119246,3854,x5,,345,345,27,47,70,63,15,0,0,20,10,0,PEQ-16A,16Lab Hollow-Point,IOP T4 Exoskeleton,100,,,Locked
210197283,361,AR,★★★★★,QBZ-191,100,3263300,-,-,x5,,605,605,56,51,46,78,10,0,0,20,10,0,,,,100,,,Locked
210198851,20282,SG,★★★★★★,DP-12 Mod,110,5305840,42540,437460,x5,Mod2,1315,1315,35,14,14,39,6,24,5,40,10,10,,,,100,,,Locked
210199692,386,MG,★★★★★,LAMG,100,3263300,-,-,x5,,950,950,82,35,31,132,4,0,10,5,1,0,,,,100,,,Locked
210213623,382,AR,★★★★,MSBS,1,0,0,0,x1,,55,55,18,6,6,48,10,0,0,20,1,0,,,,100,,,Locked
210347861,366,SG,★★★★★,SPAS-15,94,2554200,0,0,x5,,1280,1280,34,14,10,34,6,22,3,40,10,0,,,,100,,,Locked
210370926,366,SG,★★★★★,SPAS-15,1,0,0,0,x1,,132,132,14,2,2,24,6,3,3,40,1,0,,,,100,,,Locked
210370932,366,SG,★★★★★,SPAS-15,1,0,0,0,x1,,132,132,14,2,2,24,6,3,3,40,1,0,,,,100,,,Locked
210421223,370,HG,★★★★,P290,91,2202900,0,0,x5,,350,350,26,54,79,59,15,0,0,20,8,0,,,,100,,,Locked
210471709,282,SG,★★★★★,DP-12,1,0,0,0,x1,,127,127,12,2,2,21,6,3,5,40,1,0,,,,100,,,Locked
210471714,366,SG,★★★★★,SPAS-15,1,0,0,0,x1,,132,132,14,2,2,24,6,3,3,40,1,0,,,,100,,,Locked
210476433,370,HG,★★★★,P290,1,0,0,0,x1,,37,37,10,7,11,41,15,0,0,20,1,0,,,,100,,,Locked
210479163,370,HG,★★★★,P290,1,0,0,0,x1,,37,37,10,7,11,41,15,0,0,20,1,0,,,,100,,,Locked
210481824,374,MG,★★★★★,M240L,1,0,0,0,x1,,88,88,34,4,4,83,4,0,11,5,1,0,,,,100,,,Locked
210508056,370,HG,★★★★,P290,1,0,0,0,x1,,37,37,10,7,11,41,15,0,0,20,1,0,,,,100,,,Locked
210602713,370,HG,★★★★,P290,1,0,0,0,x1,,37,37,10,7,11,41,15,0,0,20,1,0,,,,100,,,Locked
210619921,378,AR,★★★★★,SCAR-L,100,3263300,-,-,x5,,550,550,56,48,52,78,10,0,0,20,10,0,,,,100,,,Locked
210619983,378,AR,★★★★★,SCAR-L,90,2016890,0,0,x1,,105,105,52,44,48,75,10,0,0,20,10,0,,,,100,,,Locked
210620210,370,HG,★★★★,P290,1,0,0,0,x1,,37,37,10,7,11,41,15,0,0,20,1,0,,,,100,,,Locked
210630880,20103,SMG,★★★★★,UMP45 Mod,110,5316040,52740,427260,x5,Mod2,965,965,29,14,75,83,12,0,0,5,10,10,,,,100,,,Locked
210631535,370,HG,★★★★,P290,1,0,0,0,x1,,37,37,10,7,11,41,15,0,0,20,1,0,,,,100,,,Locked
210634251,103,SMG,★★★★,UMP45,1,0,0,0,x1,,93,93,11,2,10,57,12,0,0,5,1,0,,,,100,,,Locked
210655175,366,SG,★★★★★,SPAS-15,90,2016600,0,0,x5,,1255,1255,33,13,9,33,6,21,3,40,10,0,,,,100,,,Locked
210738905,361,AR,★★★★★,QBZ-191,1,0,0,0,x1,,61,61,20,7,6,53,10,0,0,20,1,0,,,,100,,,Locked
210777721,370,HG,★★★★,P290,1,0,0,0,x1,,37,37,10,7,11,41,15,0,0,20,1,0,,,,100,,,Locked
210816349,370,HG,★★★★,P290,1,0,0,0,x1,,37,37,10,7,11,41,15,0,0,20,1,0,,,,100,,,Locked
210943918,323,SG,★★★★★,LTLX7000,1,0,0,0,x1,,138,138,9,2,2,20,6,3,5,40,1,0,,,,100,,,Locked
210950138,361,AR,★★★★★,QBZ-191,1,0,0,0,x1,,61,61,20,7,6,53,10,0,0,20,1,0,,,,100,,,Locked
210956632,361,AR,★★★★★,QBZ-191,1,0,0,0,x1,,61,61,20,7,6,53,10,0,0,20,1,0,,,,100,,,Locked
210995680,323,SG,★★★★★,LTLX7000,1,0,0,0,x1,,138,138,9,2,2,20,6,3,5,40,1,0,,,,100,,,Locked
211002936,361,AR,★★★★★,QBZ-191,1,0,0,0,x1,,61,61,20,7,6,53,10,0,0,20,1,0,,,,100,,,Locked
211004028,361,AR,★★★★★,QBZ-191,1,0,0,0,x1,,61,61,20,7,6,53,10,0,0,20,1,0,,,,100,,,Locked
211027010,378,AR,★★★★★,SCAR-L,100,3263300,-,-,x5,,550,550,56,48,52,78,10,0,0,20,10,0,,,,100,,,Locked
211050368,375,HG,★★★★★,Colt Walker,99,3122970,5370,140330,x5,,300,300,35,60,111,56,15,0,0,20,10,0,PEQ-16A,16Lab Hollow-Point,IOP T4 Exoskeleton,100,,,Locked
211076015,361,AR,★★★★★,QBZ-191,1,0,0,0,x1,,61,61,20,7,6,53,10,0,0,20,1,0,,,,100,,,Locked
211077203,374,MG,★★★★★,M240L,1,0,0,0,x1,,88,88,34,4,4,83,4,0,11,5,1,0,,,,100,,,Locked
211077204,361,AR,★★★★★,QBZ-191,1,0,0,0,x1,,61,61,20,7,6,53,10,0,0,20,1,0,,,,100,,,Locked
211087912,379,HG,★★★★,P10C,91,2141400,0,0,x5,,345,345,27,46,69,63,15,0,0,20,10,0,,,,100,,,Locked
211109253,350,SG,★★★★★,FO-12,100,3263300,-,-,x5,,1280,1280,30,13,11,36,6,23,5,40,1,0,,,,100,,,Locked
211148532,361,AR,★★★★★,QBZ-191,1,0,0,0,x1,,61,61,20,7,6,53,10,0,0,20,1,0,,,,100,,,Locked
211485866,323,SG,★★★★★,LTLX7000,1,0,0,0,x1,,138,138,9,2,2,20,6,3,5,40,1,0,,,,100,,,Locked
211486636,20161,SG,★★★★★,Type97S Mod,114,9084700,601400,998600,x5,Mod2,1345,1345,36,13,14,28,6,22,3,40,2,3,Type 3 Armor Plate,,,100,,,Locked
211641236,276,MG,★★★★★,Kord,1,0,0,0,x1,,99,99,41,3,3,76,4,0,9,5,1,0,,,,100,,,Locked
211726580,244,HG,★★★,TEC-9,1,0,0,0,x1,,42,42,11,7,9,44,15,0,0,20,1,0,,,,100,,,Locked
211762531,244,HG,★★★,TEC-9,1,0,0,0,x1,,42,42,11,7,9,44,15,0,0,20,1,0,,,,100,,,Locked
211797876,323,SG,★★★★★,LTLX7000,1,0,0,0,x1,,138,138,9,2,2,20,6,3,5,40,1,0,,,,100,,,Locked
211861089,378,AR,★★★★★,SCAR-L,100,3263300,-,-,x5,,550,550,56,48,52,78,10,0,0,20,10,0,,,,100,,,Locked
211871758,282,SG,★★★★★,DP-12,1,0,0,0,x1,,127,127,12,2,2,21,6,3,5,40,1,0,,,,100,,,Locked
211894996,375,HG,★★★★★,Colt Walker,100,3263300,-,-,x5,,300,300,36,60,112,57,15,0,0,20,10,0,,,,100,,,Locked
211898031,379,HG,★★★★,P10C,90,1983300,0,0,x5,,340,340,27,46,68,63,15,0,0,20,10,0,,,,100,,,Locked
212233620,20066,AR,★★★★★,Type56-1 Mod,113,7579900,296600,903400,x5,Mod2,730,730,56,41,41,70,10,0,0,20,10,10,KSTSP,APCR High-Velocity Ammo,,100,,,Locked
212257218,20021,SMG,★★★★,PPSh-41 Mod,115,10083300,0,0,x5,Mod3,1035,1035,30,11,61,94,12,0,0,5,10,10,,,,100,,,Locked
212832443,282,SG,★★★★★,DP-12,1,0,0,0,x1,,127,127,12,2,2,21,6,3,5,40,1,0,,,,100,,,Locked
212945710,20013,HG,★★★★,Type92 Mod,110,5263300,0,0,x5,Mod2,370,370,31,51,83,61,15,0,0,20,1,1,,,,100,,,Locked
213113982,323,SG,★★★★★,LTLX7000,1,0,0,0,x1,,138,138,9,2,2,20,6,3,5,40,1,0,,,,100,,,Locked
213134222,1041,SG,★★★★★,Saki Nikaido,100,3263300,-,-,x5,,1210,1210,41,11,11,28,6,23,5,40,10,0,,,,100,,,Locked
213175271,1040,MG,★★★★★,Yugiri,100,3263300,-,-,x5,,795,795,100,29,29,124,4,0,9,5,10,0,,,,100,,,Locked
213285627,198,RF,★★★★★,Carcano M91/38,1,0,0,0,x1,,37,37,47,10,5,22,7,0,0,40,1,0,,,,100,,,Locked
213338605,1039,AR,★★★★★,Junko Konno,100,3263300,-,-,x5,,550,550,60,54,47,65,10,0,1,20,10,0,,,,100,,,Locked
213496307,1037,RF,★★★★★,Sakura Minamoto,100,3263300,-,-,x5,,435,435,131,78,32,36,7,0,1,40,10,0,,,,100,,,Locked
213572467,303,HG,★★★★★,HP-35,1,0,0,0,x1,,38,38,11,8,11,38,15,0,0,20,1,0,,,,100,,,Locked
213572481,303,HG,★★★★★,HP-35,1,0,0,0,x1,,38,38,11,8,11,38,15,0,0,20,1,0,,,,100,,,Locked
213572522,375,HG,★★★★★,Colt Walker,95,2702445,129045,1355,x5,,290,290,34,58,107,56,15,0,0,20,10,0,PEQ-16A,ILM Hollow-Point Ammo,IOP T4 Exoskeleton,100,,,Locked
213572572,379,HG,★★★★,P10C,90,1983300,0,0,x1,,68,68,27,46,68,63,15,0,0,20,8,0,,,,100,,,Locked
213628681,1036,SMG,★★★★★,Lily Hoshikawa,90,1978950,0,0,x5,,840,840,24,13,70,94,12,0,1,5,10,0,,,,100,,,Locked
213853205,333,SMG,★★★★★,VP1915,91,2165400,0,0,x5,,970,970,24,11,61,89,12,0,0,5,1,0,,,,100,,,Locked
214057311,357,HG,★★★★★,Rhino,100,3263300,-,-,x5,,365,365,34,77,77,57,15,0,0,40,10,0,,,,100,,,Locked
214079332,377,RF,★★★★★,SCAR-H,100,3263300,-,-,x5,,425,425,114,93,29,41,7,0,0,40,10,0,,,,100,,,Locked
214079368,378,AR,★★★★★,SCAR-L,100,3263300,-,-,x5,,550,550,56,48,52,78,10,0,0,20,10,0,,,,100,,,Locked
214095735,198,RF,★★★★★,Carcano M91/38,1,0,0,0,x1,,37,37,47,10,5,22,7,0,0,40,1,0,,,,100,,,Locked
214319991,350,SG,★★★★★,FO-12,98,2990700,0,0,x5,,1265,1265,30,13,11,36,6,23,5,40,1,0,,,,100,,,Locked
214320018,381,RF,★★★★★,M110,100,3263300,-,-,x5,,420,420,137,71,32,37,7,0,0,40,1,0,,,,100,,,Locked
214334859,1044,MG,★★★★★,Suzuka Mizukane,100,3263300,-,-,x5,,795,795,103,28,30,137,4,0,9,5,10,0,,,HD-100 Bipod,100,,,Locked
214334984,1042,HG,★★★★★,Motoko Kusanagi,90,1980200,0,0,x5,,330,330,26,60,101,60,15,0,1,20,1,0,,,,100,,,Locked
214386694,1043,AR,★★★★★,Purin Esaki,100,3263300,-,-,x5,,550,550,56,48,52,78,10,0,0,30,6,0,,,,100,,,Locked
214428744,103,SMG,★★★★,UMP45,1,0,0,0,x1,,93,93,11,2,10,57,12,0,0,5,1,0,,,,100,,,Locked
214428925,20094,SMG,★★★★,Type64 Mod,115,10083300,0,0,x5,Mod3,900,900,28,12,70,93,12,0,0,5,10,10,,,Type 64 Exclusive Suppressor,100,,,Locked
214473228,1044,MG,★★★★★,Suzuka Mizukane,1,0,0,0,x1,,80,80,37,4,4,93,4,0,9,5,1,0,,,,100,,,Locked
214524569,103,SMG,★★★★,UMP45,1,0,0,0,x1,,93,93,11,2,10,57,12,0,0,5,1,0,,,,100,,,Locked
214605943,294,HG,★★★★★,Webley,1,0,0,0,x1,,43,43,10,8,9,37,15,0,0,20,1,0,,,,100,,,Locked
214696193,294,HG,★★★★★,Webley,1,0,0,0,x1,,43,43,10,8,9,37,15,0,0,20,1,0,,,,100,,,Locked
214923277,294,HG,★★★★★,Webley,1,0,0,0,x1,,43,43,10,8,9,37,15,0,0,20,1,0,,,,100,,,Locked
214923699,294,HG,★★★★★,Webley,1,0,0,0,x1,,43,43,10,8,9,37,15,0,0,20,1,0,,,,100,,,Locked
214982986,20256,RF,★★★★,Falcon Mod,110,5263300,-,-,x5,Mod1,450,450,150,78,29,32,7,0,0,40,1,0,,,,100,,,Locked
215192271,20131,SMG,★★★★,EVO 3 Mod,110,5263300,-,-,x5,Mod1,1035,1035,26,14,70,93,12,0,0,5,1,0,,,,100,,,Locked
215617276,115,SMG,★★★★★,Suomi,1,0,0,0,x1,,110,110,11,2,8,65,12,0,0,5,1,0,,,,100,,,Locked
215617282,20094,SMG,★★★★,Type64 Mod,113,7785820,502520,697480,x5,Mod2,895,895,28,12,69,93,12,0,0,5,10,10,,,,100,,,Locked
216269624,378,AR,★★★★★,SCAR-L,1,0,0,100,x1,,55,55,18,5,6,49,10,0,0,20,1,0,,,,73,,,Locked
216269655,329,RF,★★★★★,SVCh,1,0,0,100,x1,,44,44,49,11,4,23,7,0,0,40,1,0,,,,73,,,Locked
216503871,399,HG,★★★★★,P2000,1,0,0,0,x1,,38,38,11,9,10,38,15,0,0,20,1,0,,,,50,,,Locked
