id,enemy_leader
-2,900013
-1,20005
1,90001
2,90001
3,20001
4,20001
5,20001
6,20001
7,20001
8,20002
9,20002
10,20002
11,20001
12,20001
13,20002
14,20004
15,20002
16,20002
17,20004
18,20004
19,20001
20,20004
21,20001
22,20002
23,20004
24,20001
25,20002
26,20004
27,90002
28,20002
29,20001
30,20002
31,20004
32,20004
33,20002
34,20004
35,20002
36,20004
37,20001
38,20002
39,20004
40,20005
41,20005
42,20005
43,20002
44,20005
45,20004
46,20005
47,20005
48,20005
49,90003
50,20005
51,20002
52,20003
53,20003
54,20003
55,20003
56,20001
57,20004
58,20004
59,20001
60,20004
61,20005
62,20001
63,20005
64,20005
65,20004
66,20005
67,20005
68,20002
69,20005
70,20005
71,20004
72,20004
73,20001
74,20003
75,20005
76,20003
77,20004
78,20004
79,20004
80,20001
81,20005
82,90004
83,20005
84,20003
85,20005
86,20004
87,20005
88,20004
89,20002
90,20006
91,20005
92,20005
93,20006
94,20002
95,20005
96,20005
97,20004
98,20005
99,20006
100,20004
101,20006
102,20003
103,20006
104,20006
105,20005
106,20001
107,20005
108,20005
109,20006
110,20006
111,20004
112,20003
113,20006
114,20005
115,90005
116,20001
117,20005
118,20005
119,20004
120,20002
121,20004
122,20006
123,20004
124,20007
125,20003
126,20004
127,20005
128,20005
129,20007
130,20005
131,20007
132,20005
133,20004
134,20003
135,20007
136,20007
137,20004
138,20007
139,90006
140,20006
141,20005
142,20006
143,20004
144,20005
145,20005
146,20004
147,20006
148,20006
149,20008
150,20004
151,20004
152,20006
153,20006
154,20008
155,20005
156,20005
157,90007
158,20006
159,20006
160,20007
161,20005
162,20005
163,20006
164,20005
165,20008
166,20005
167,20005
168,20008
169,20008
170,20006
171,20005
172,20004
173,20006
174,20006
175,20008
176,20007
177,20004
178,20006
179,20005
180,20006
181,20008
182,20008
183,20007
184,20008
185,20007
186,20005
187,20007
188,20005
189,20006
190,20007
191,20006
192,90008
193,20007
194,20008
195,20005
196,20005
197,20007
198,20005
199,20004
200,20007
201,20008
202,20005
203,20008
204,20004
205,20007
206,20005
207,20006
208,20008
209,20006
210,20004
211,20008
212,20006
213,20007
214,20003
215,20005
216,20007
217,20007
218,900012
219,20008
220,20008
221,20006
222,20005
223,20005
224,20006
225,20007
226,20005
227,20007
228,20008
229,20005
230,20008
231,20007
232,20004
233,20008
234,20004
235,20005
236,20004
237,20006
238,20004
239,20005
240,20005
241,20008
242,20007
243,20004
244,20005
245,20004
246,900015
247,20008
248,20007
249,20005
250,20004
251,900015
252,20007
253,20008
254,20007
255,20005
256,20007
257,20008
258,20004
259,900015
260,20004
261,20004
262,20005
263,20004
264,20005
265,20003
266,20004
267,20005
268,20005
269,20004
270,20005
271,20006
272,20005
273,20004
274,20005
275,20005
276,20007
277,20003
278,20004
279,20007
280,20006
281,20005
282,20005
283,20007
284,20004
285,20007
286,20005
287,20006
288,20005
289,20001
290,20005
291,20005
292,20004
293,20005
294,20007
295,20008
296,20004
297,20005
298,20007
299,20004
300,20008
301,20008
302,20005
303,20005
304,20004
305,20007
306,0
307,20005
308,20008
309,20008
310,900016
311,90002
312,20004
313,20004
314,20005
315,20004
316,20006
317,20007
318,20005
319,20006
320,20008
321,20005
322,20006
323,20005
324,20004
325,20007
326,20005
327,20006
328,20007
329,20002
330,20004
331,20006
332,20005
333,20005
334,20006
335,20004
336,20005
337,20006
338,20007
339,20005
340,20005
341,20006
342,20008
343,20004
344,20004
345,20005
346,20004
347,20006
348,20007
349,20008
350,20005
351,20004
352,20006
353,20007
354,20007
355,20005
356,20008
357,20008
358,20007
359,20005
360,20004
361,20006
362,20007
363,20005
364,20008
365,20005
366,20005
367,20004
368,20005
369,20007
370,20008
371,20006
372,20007
373,20005
374,20006
375,20005
376,20005
377,900017
378,20002
379,20005
380,20007
381,20007
382,20004
383,20004
384,20007
385,20006
386,20007
387,20005
388,20004
389,20008
390,20007
391,20007
392,20005
393,20006
394,20006
395,20006
396,20007
397,20007
398,20007
399,20008
400,20004
401,20005
402,20005
403,20005
404,20007
405,20008
406,20007
407,20008
408,20004
409,20007
410,20005
411,20006
412,20007
413,900018
414,20006
415,20007
416,20006
417,20006
418,20007
419,20008
420,20004
421,20007
422,20006
423,20008
424,20004
425,20005
426,20006
427,20004
428,20005
429,20006
430,20006
431,20004
432,20005
433,20005
434,20006
435,20007
436,20007
437,20008
438,20007
439,20008
440,20006
441,20007
442,20005
443,20006
444,20005
445,20007
446,20004
447,20005
448,20004
449,20006
450,20005
451,20005
452,20004
453,20007
454,20005
455,20005
456,20004
457,20006
458,20007
459,20007
460,20005
461,20006
462,20007
463,20005
464,20006
465,20005
466,20007
467,20004
468,20004
469,20007
470,20004
471,20007
472,20005
473,20007
474,10001
475,10001
476,10003
477,10005
478,10004
479,10011
480,10004
481,10005
482,10004
483,10004
484,10007
485,10007
486,10005
487,10004
488,10015
489,10015
490,10015
491,10007
492,10015
493,10005
494,10003
495,10004
496,10015
497,10007
498,10015
499,10015
500,10007
501,10007
502,10007
503,10005
504,10005
505,10002
506,10015
507,10015
508,10015
509,10007
510,10001
511,10001
512,10003
513,10005
514,10004
515,10011
516,10004
517,10005
518,10004
519,10004
520,10007
521,10007
522,10005
523,10004
524,10015
525,10015
526,10015
527,10007
528,10015
529,10005
530,10003
531,10004
532,10015
533,10007
534,10015
535,10015
536,10007
537,10007
538,10007
539,10005
540,10005
541,10002
542,10015
543,10015
544,10015
545,10007
546,900025
547,900026
548,900021
549,900022
550,900020
551,10016
552,10014
553,10007
554,10001
555,10006
556,10015
557,10015
558,10004
559,10005
560,10002
561,10015
562,10015
563,10015
564,900027
565,10004
566,10004
567,10007
568,10006
569,10007
570,10004
571,10002
572,10015
573,10015
574,10015
575,10003
576,10015
577,10016
578,10016
579,10002
580,10001
581,10004
582,10005
583,10007
584,10015
585,10008
586,10015
587,10015
588,10015
589,10007
590,10016
591,10015
592,10004
593,10005
594,10016
595,10002
596,10016
597,10004
598,10015
599,10005
600,10016
601,10006
602,10016
603,10004
604,10005
605,10007
606,10005
607,10015
608,10002
609,900032
610,10004
611,10005
612,10007
613,10008
614,10007
615,10004
616,10005
617,10006
618,10007
619,10008
620,10004
621,10003
622,10007
623,10007
624,10007
625,10002
626,10004
627,10007
628,10007
629,10005
630,10004
631,10004
632,10005
633,10007
634,10006
635,10007
636,10004
637,10005
638,10005
639,10006
640,10006
641,900033
642,10007
643,10004
644,10002
645,10007
646,10005
647,10006
648,10004
649,10005
650,10007
651,10006
652,10007
653,10002
654,10005
655,10004
656,10005
657,10008
658,10006
659,10005
660,10007
661,10007
662,10008
663,10007
664,900034
665,10007
666,900035
667,10004
668,10005
669,10007
670,10008
671,10007
672,10004
673,10005
674,10006
675,10007
676,10008
677,10004
678,10003
679,10007
680,10007
681,10007
682,10002
683,10004
684,10007
685,10007
686,10005
687,10004
688,10004
689,10005
690,10007
691,10006
692,10007
693,10004
694,10005
695,10005
696,10006
697,10006
698,900033
699,10007
700,10004
701,10002
702,10007
703,10005
704,10006
705,10004
706,10005
707,10007
708,10006
709,10007
710,10002
711,10005
712,10004
713,10005
714,10008
715,10006
716,10005
717,10007
718,10007
719,10008
720,10007
721,900034
722,10007
723,900035
724,900035
725,900035
726,10015
727,10015
728,10005
729,10004
730,10015
731,10015
732,10004
733,10006
734,10015
735,10002
736,10015
737,10006
738,10002
739,10001
740,10007
741,10002
742,10005
743,10015
744,10007
745,10002
746,10015
747,10007
748,10015
749,900036
750,10001
751,10004
752,10005
753,10007
754,10008
755,10001
756,10004
757,10007
758,10005
759,10007
760,10001
761,10004
762,10005
763,10007
764,10007
765,10006
766,10004
767,10001
768,10005
769,10006
770,10007
771,10008
772,10004
773,10002
774,10005
775,10007
776,10007
777,10006
778,10001
779,10004
780,10002
781,10005
782,10007
783,10008
784,900039
785,10004
786,10005
787,10007
788,10007
789,10002
790,10008
791,10004
792,10005
793,10005
794,10007
795,10006
796,10007
797,10008
798,10004
799,10005
800,10002
801,10002
802,10007
803,10007
804,10008
805,10006
806,10004
807,10002
808,10002
809,10007
810,10007
811,10005
812,10005
813,900050
878,10001
879,10002
880,10004
881,10005
882,10004
883,10005
884,10004
885,10001
886,10005
887,10007
888,10005
889,10008
890,10001
891,10002
892,10005
893,10007
894,10002
895,10007
896,10008
897,10007
898,10004
899,10001
900,10002
901,10007
902,10002
903,10006
904,10008
905,900052
906,10015
907,10015
908,10015
909,10015
910,10018
911,10015
912,10015
913,10016
914,10016
915,10015
916,10005
917,10006
918,10015
919,10015
920,10016
921,10005
922,10004
923,10015
924,10005
925,10007
926,10016
927,10004
928,10005
929,10006
930,10005
931,10004
932,10002
933,10005
934,10008
935,10001
936,10004
937,10005
938,10015
939,10002
940,10007
941,10016
942,900053
943,10015
944,10005
945,10001
946,10007
947,10006
948,10005
949,10002
950,10007
951,10015
952,10007
953,10002
954,10006
955,10016
956,10005
957,10002
958,10007
959,10002
960,10004
961,10005
962,10007
963,10005
964,10017
965,10007
966,10008
967,10002
968,10005
969,10004
970,10006
971,10017
972,10002
973,10008
974,900054
975,900055
976,900051
977,900051
978,900051
979,900051
980,900051
981,900051
982,900051
983,900051
984,900051
985,900051
986,900051
987,900051
988,900051
989,900051
990,10002
991,10007
992,10004
993,10007
994,10017
995,10005
996,10002
997,10007
998,10004
999,10007
1000,10017
1001,10005
1002,10008
1003,10006
1004,10004
1005,900056
1006,900057
1007,900058
1008,900059
1009,900060
1010,900061
1011,900062
1012,10001
1013,10002
1014,10004
1015,10005
1016,10004
1017,10005
1018,10004
1019,10001
1020,10005
1021,10007
1022,10005
1023,10008
1024,10001
1025,10002
1026,10005
1027,10007
1028,10002
1029,10007
1030,10008
1031,10007
1032,10004
1033,10001
1034,10002
1035,10007
1036,10002
1037,10006
1038,10008
1039,900052
1040,10015
1041,10015
1042,10015
1043,10015
1044,10018
1045,10015
1046,10015
1047,10016
1048,10016
1049,10015
1050,10005
1051,10006
1052,10015
1053,10015
1054,10016
1055,10005
1056,10004
1057,10015
1058,10005
1059,10007
1060,10016
1061,10004
1062,10005
1063,10006
1064,10005
1065,10004
1066,10002
1067,10005
1068,10008
1069,10001
1070,10004
1071,10005
1072,10015
1073,10002
1074,10007
1075,10016
1076,900053
1077,10015
1078,10005
1079,10004
1080,10007
1081,10006
1082,10005
1083,10002
1084,10007
1085,10015
1086,10007
1087,10002
1088,10006
1089,10016
1090,10005
1091,10002
1092,10007
1093,10002
1094,10004
1095,10005
1096,10007
1097,10005
1098,10017
1099,10007
1100,10008
1101,10002
1102,10005
1103,10004
1104,10006
1105,10017
1106,10002
1107,10008
1108,900054
1109,900055
1110,10015
1111,10015
1112,10016
1113,10018
1114,10018
1115,10003
1116,10005
1117,10004
1118,10006
1119,10007
1120,10008
1121,10015
1122,10016
1123,10018
1124,10015
1125,10016
1126,10018
1127,10015
1128,10004
1129,10005
1130,10003
1131,10006
1132,10002
1133,10002
1134,10015
1135,10016
1136,10015
1137,10018
1138,10015
1139,900036
1140,10015
1141,10015
1142,10016
1143,10015
1144,10016
1145,10015
1146,900063
1147,10015
1148,10016
1149,10005
1150,10018
1151,10016
1152,10018
1153,10016
1154,900064
1155,10005
1156,10006
1157,10015
1158,10018
1159,10016
1160,10015
1161,10005
1162,900065
1163,10018
1164,10015
1165,10004
1166,10005
1167,10016
1168,10016
1169,10007
1170,900032
1171,900068
1172,900067
1173,900069
1174,900066
1175,10004
1176,10004
1177,10005
1178,10007
1179,10017
1180,10005
1181,10002
1182,10004
1183,10005
1184,10012
1185,10004
1186,10012
1187,10005
1188,10005
1189,10002
1190,10002
1191,10007
1192,10012
1193,10004
1194,10003
1195,10004
1196,10006
1197,10012
1198,10002
1199,10012
1200,10002
1201,10005
1202,10006
1204,10012
1205,10002
1206,10006
1207,10008
1208,10005
1209,10002
1210,10005
1211,10012
1212,10004
1213,10008
1214,900070
1215,900071
1216,10002
1217,10005
1218,10006
1219,10012
1220,10002
1221,10012
1222,10004
1223,10005
1224,10006
1225,10007
1226,10002
1227,10012
1228,10005
1229,10006
1230,10007
1231,10012
1232,10002
1233,10006
1234,10005
1235,10008
1236,10006
1237,10007
1238,10002
1239,10007
1240,10002
1241,10012
1242,10008
1243,900072
1244,900073
1245,10004
1246,10004
1247,10005
1248,10007
1249,10017
1250,10005
1251,10002
1252,10004
1253,10005
1254,10012
1255,10004
1256,10012
1257,10005
1258,10005
1259,10002
1260,10002
1261,10007
1262,10012
1263,10004
1264,10003
1265,10004
1266,10006
1267,10012
1268,10002
1269,10012
1270,10002
1271,10005
1272,10006
1274,10012
1275,10002
1276,10006
1277,10008
1278,10005
1279,10002
1280,10005
1281,10012
1282,10004
1283,10008
1284,900070
1285,900071
1286,10002
1287,10005
1288,10006
1289,10012
1290,10002
1291,10012
1292,10004
1293,10005
1294,10006
1295,10007
1296,10002
1297,10012
1298,10005
1299,10006
1300,10007
1301,10012
1302,10002
1303,10006
1304,10005
1305,10008
1306,10006
1307,10007
1308,10002
1309,10007
1310,10002
1311,10012
1312,10008
1313,900072
1314,900073
1315,10009
1316,10006
1317,10012
1318,10016
1319,900026
1320,900051
1321,10006
1322,10002
1323,10008
1324,10008
1325,900026
1326,10018
1327,10009
1328,10007
1329,10007
1330,10004
1331,10017
1332,900060
1333,900025
1334,10011
1335,10009
1336,10012
1337,10007
1338,10001
1339,10003
1340,10008
1341,900075
1342,10005
1343,10006
1344,10007
1345,10006
1346,10004
1347,10005
1348,10009
1349,10007
1350,10008
1351,10008
1352,10009
1353,10005
1354,10012
1355,10006
1356,900076
1357,10005
1358,10007
1359,10022
1360,10023
1361,10004
1362,10005
1363,10007
1364,10023
1365,10005
1366,10017
1367,10003
1368,10005
1369,10003
1370,10016
1371,900051
1372,10008
1373,10016
1374,10002
1375,10018
1376,10022
1377,10021
1378,10002
1379,10005
1380,10007
1381,10006
1382,10008
1383,10009
1384,10016
1385,10012
1386,10018
1387,900026
1388,10008
1389,10016
1390,10017
1391,900026
1392,10005
1393,10009
1394,10008
1395,900026
1396,900035
1397,900026
1398,900051
1399,900056
1400,900061
1401,900060
1402,900059
1403,900058
1404,900057
1405,900055
1406,900073
1407,900078
1408,900080
1409,10016
1410,900051
1411,10018
1412,10002
1413,10022
1414,900079
1415,10021
1416,10017
1417,900051
1418,900051
1419,10002
1420,10022
1421,10021
1422,10008
1423,10016
1424,900079
1425,10001
1426,900051
1427,10005
1428,10022
1429,10021
1430,10008
1431,10006
1432,10012
1433,10004
1434,900077
1435,10021
1436,10022
1437,900051
1438,10005
1439,10007
1440,10016
1441,10018
1442,10002
1443,10012
1444,10022
1445,900079
1446,10004
1447,10005
1448,10002
1449,10017
1450,10006
1451,10007
1452,10005
1453,10012
1454,10002
1455,10009
1456,10005
1457,10008
1458,10005
1459,10002
1460,10008
1461,10012
1462,10006
1463,10005
1464,10002
1465,10009
1466,10012
1467,10008
1468,10003
1469,900081
1470,10006
1471,10005
1472,10007
1473,10017
1474,10001
1475,10005
1476,10007
1477,10012
1478,10012
1479,10002
1480,10008
1481,10008
1482,10017
1483,10006
1484,10008
1485,900082
1486,80002
1487,80001
1488,80003
1489,80005
1490,80002
1491,80001
1492,80003
1493,80002
1494,10008
1495,80005
1496,80002
1497,80001
1498,80003
1499,10012
1500,900084
1501,80003
1502,10012
1503,10008
1504,80002
1505,80005
1506,80005
1507,80005
1508,10005
1509,80003
1510,10016
1511,900051
1512,900085
1513,80005
1514,80002
1515,10016
1516,900026
1517,80005
1518,80002
1519,10002
1520,80003
1521,80002
1522,10002
1523,80003
1524,900026
1525,80005
1526,80005
1527,80005
1528,10016
1529,80003
1530,900026
1531,900083
1532,80005
1533,80005
1534,900026
1535,10004
1536,10005
1537,80002
1538,80005
1539,900051
1540,900051
1541,900051
1542,900051
1543,10004
1544,10005
1545,10002
1546,10012
1547,10009
1548,900051
1549,10004
1550,10005
1551,10002
1552,10008
1553,10008
1554,10003
1555,10006
1556,10005
1557,10004
1558,900051
1559,10012
1560,10006
1561,10005
1562,10027
1563,10006
1564,10002
1565,10003
1566,10004
1567,900051
1568,10027
1569,900026
1570,900087
1571,10012
1572,10006
1573,10009
1574,900086
1575,900035
1576,10012
1577,10002
1578,10006
1579,10017
1580,10029
1581,10029
1582,10029
1583,10021
1584,900026
1585,10008
1586,10002
1587,10004
1588,10027
1589,10024
1590,10025
1591,10027
1592,900026
1593,10024
1594,10001
1595,10003
1596,10002
1597,10002
1598,10004
1599,10005
1600,10002
1601,10004
1602,10005
1603,10021
1604,10003
1605,10009
1606,10007
1607,10008
1608,10022
1609,10005
1610,10006
1611,900051
1612,10017
1613,10012
1614,900051
1615,900088
1616,10002
1617,10021
1618,10002
1619,10005
1620,10009
1621,10008
1622,900051
1623,10006
1624,10017
1625,10009
1626,10001
1627,900051
1628,10017
1629,10006
1630,10008
1631,10004
1632,10005
1633,10009
1634,10021
1635,10025
1636,10025
1637,10026
1638,10026
1639,10028
1640,10022
1641,10022
1642,10022
1643,10022
1644,10022
1645,10004
1646,10005
1647,10006
1648,10008
1649,900051
1650,10022
1651,10028
1652,10026
1653,10025
1654,10025
1655,10028
1656,10026
1657,10030
1658,10028
1659,10026
1660,10033
1661,10016
1662,10018
1663,10016
1664,900026
1665,10033
1666,10022
1667,10016
1668,10026
1669,10033
1670,10002
1671,10006
1672,10008
1673,10005
1674,10008
1675,900089
1676,10005
1677,10023
1678,10017
1679,10012
1680,10022
1681,10022
1682,10002
1683,10008
1684,10012
1685,900089
1686,10027
1687,10022
1688,10016
1689,900026
1690,10023
1691,10001
1692,10015
1693,10016
1694,900026
1695,10031
1696,10018
1697,10015
1698,10016
1699,900026
1700,10004
1701,10002
1702,10012
1703,10030
1704,10022
1705,10015
1706,10016
1707,900026
1708,10003
1709,10006
1710,10008
1711,900089
1712,900090
1713,10002
1714,10005
1715,10008
1716,900093
1717,10002
1718,10017
1719,10021
1720,10008
1721,10028
1722,10026
1723,10030
1724,10027
1725,10016
1726,900026
1727,10021
1728,10003
1729,10006
1730,10002
1731,10008
1732,900093
1733,10033
1734,10026
1735,10027
1736,10030
1737,10030
1738,10025
1739,10033
1740,900092
1741,900073
1742,10026
1743,10027
1744,10002
1745,10008
1746,10012
1747,900089
1748,10006
1749,10016
1750,10017
1751,10003
1752,10022
1753,10002
1754,900093
1755,10009
1756,10008
1757,10030
1758,900094
1759,10033
1760,900026
1761,10016
1762,10016
1763,10016
1764,10016
1765,10016
1766,10016
1767,900026
1768,900026
1769,10022
1770,10027
1771,10027
1772,10027
1773,900093
1774,900094
1775,10033
1776,10017
1777,10030
1778,10005
1779,10002
1780,10021
1781,10016
1782,10017
1783,10004
1784,10016
1785,900026
1786,10017
1787,10008
1788,10018
1789,10016
1790,900026
1791,10005
1792,10006
1793,10018
1794,900026
1795,900026
1796,10006
1797,900026
1798,10008
1799,900098
1800,900099
1801,900099
1802,900101
1803,900051
1804,900088
1805,10004
1806,10002
1807,10008
1808,10004
1809,10006
1810,10002
1811,10007
1812,10008
1813,10011
1814,10005
1815,10016
1816,10015
1817,10011
1818,10018
1819,10014
1820,10011
1821,10011
1822,10014
1823,10015
1824,10018
1825,10016
1826,900102
1827,10011
1828,10011
1829,10014
1830,10015
1831,10001
1832,10004
1833,10008
1834,10006
1835,10007
1836,10005
1837,10003
1838,10005
1839,10005
1840,10001
1841,10006
1842,10003
1843,10012
1844,10005
1845,10001
1846,10006
1847,10012
1848,10003
1849,10005
1850,10006
1851,10005
1852,10004
1853,10006
1854,10004
1855,10002
1856,10006
1857,10003
1858,10008
1859,10005
1860,10004
1861,10003
1862,10005
1863,10006
1864,10002
1865,10007
1866,10007
1867,10005
1868,10007
1869,10021
1870,10005
1871,10006
1872,10001
1873,10003
1874,10005
1875,10006
1876,10008
1877,10005
1878,10006
1879,10002
1880,10001
1881,10029
1882,10008
1883,10007
1884,10017
1885,10006
1886,10012
1887,10002
1888,10006
1889,10004
1890,10008
1891,10005
1892,10004
1893,10017
1894,10004
1895,10006
1896,10021
1897,10003
1898,10004
1899,10012
1900,10008
1901,10005
1902,10017
1903,10005
1904,10007
1905,10021
1906,10006
1907,10001
1908,10008
1909,10003
1910,10029
1911,10021
1912,10006
1913,10029
1914,10006
1915,10017
1916,10007
1917,10017
1918,10029
1919,10029
1920,10029
1921,10029
1922,10029
1923,10029
1924,900103
1925,900104
1926,10029
1927,10029
1928,10029
1929,10029
1930,10029
1931,10029
1932,10029
1933,10029
1934,10029
1935,10029
1936,10029
1937,10029
1938,10005
1939,10001
1940,10006
1941,10003
1942,10029
1943,10029
1944,10029
1945,10006
1946,10004
1947,10002
1948,10006
1949,10003
1950,10008
1951,10005
1952,10004
1953,10003
1954,10005
1955,10006
1956,10002
1957,10007
1958,10007
1959,10005
1960,10007
1961,10006
1962,10002
1963,10001
1964,10008
1965,10007
1966,10017
1967,10012
1968,10002
1969,10006
1970,10004
1971,10005
1972,10004
1973,10017
1974,10007
1975,10021
1976,10006
1977,10001
1978,10008
1979,10003
1980,10029
1981,10006
1982,10029
1983,10006
1984,10017
1985,10007
1986,10017
1987,10018
1988,10003
1989,10022
1990,10016
1991,900051
1992,10016
1993,10015
1994,10007
1995,10002
1996,10018
1997,10005
1998,10007
1999,10011
2000,900025
2001,10021
2002,900025
2003,900025
2004,10017
2005,10016
2006,10018
2007,10016
2008,900106
2009,10005
2010,10002
2011,900025
2012,10002
2013,10016
2014,10016
2015,900105
2016,10021
2017,10021
2018,10022
2019,10021
2020,10022
2021,10002
2022,10007
2023,10004
2024,10007
2025,10017
2026,10005
2027,10002
2028,10007
2029,10004
2030,10007
2031,10017
2032,10005
2033,10008
2034,10006
2035,10004
2141,10015
2142,10015
2143,10016
2144,10018
2145,10018
2146,10003
2147,900107
2148,900108
2149,900109
2150,900110
2151,10001
2152,10004
2153,10001
2154,10004
2155,10004
2156,10001
2157,10004
2158,10002
2159,10005
2160,10002
2161,10004
2162,10004
2163,10006
2164,10005
2165,10004
2166,10006
2167,900118
2168,10004
2169,10005
2170,10004
2171,10006
2172,10024
2173,10028
2174,10026
2175,10028
2176,10024
2177,10026
2178,10028
2179,10026
2180,10004
2181,10005
2182,10007
2183,10029
2184,10029
2185,10029
2186,10029
2187,10023
2188,10024
2189,10026
2190,10026
2191,10028
2192,10024
2193,10026
2194,10024
2195,10028
2196,10028
2197,10033
2198,10028
2199,10005
2200,10005
2201,10004
2202,10006
2203,900118
2204,10024
2205,10028
2206,10028
2207,10033
2208,10028
2209,10028
2210,10030
2211,10036
2212,900118
2213,10034
2214,10034
2215,10034
2216,10034
2217,10035
2218,10035
2219,10036
2220,10036
2221,10036
2222,10036
2223,10034
2224,10039
2225,10036
2226,10035
2227,10035
2228,10022
2229,10022
2230,10022
2231,10002
2232,10029
2233,10029
2234,10003
2235,10034
2236,10034
2237,10034
2238,10034
2239,10036
2240,10035
2241,10036
2242,10035
2243,10039
2244,10036
2245,10035
2246,10034
2247,10035
2248,10022
2249,10003
2250,10002
2251,10001
2252,10022
2253,10023
2254,10029
2255,10029
2256,10029
2257,10029
2258,10029
2259,10029
2260,10021
2261,10002
2262,10021
2263,10022
2264,10021
2265,10029
2266,10021
2267,10003
2268,10034
2269,10039
2270,10039
2271,10039
2272,10039
2273,10035
2274,10035
2275,10036
2276,10034
2277,10034
2278,10035
2279,10039
2280,10035
2281,10036
2282,10034
2283,10022
2284,10021
2285,10022
2286,10021
2287,10022
2288,10029
2289,10029
2290,10003
2291,10002
2292,10029
2293,10039
2294,10039
2295,10035
2296,10035
2297,10036
2298,10039
2299,10034
2300,10039
2301,10039
2302,10034
2303,10039
2304,10035
2305,10035
2306,10036
2307,10034
2308,10034
2309,10035
2310,10036
2311,10034
2312,10039
2313,10039
2314,10039
2315,10035
2316,10035
2317,10039
2318,10035
2319,10039
2320,10034
2321,10034
2322,10036
2323,10035
2324,10034
2325,10035
2326,10034
2327,10029
2328,900032
2329,10002
2330,10003
2331,10003
2332,10005
2333,900051
2334,900051
2335,900051
2336,10017
2337,10008
2338,10016
2339,10018
2340,10007
2341,10008
2342,10011
2343,10006
2344,10016
2345,10007
2346,10021
2347,10022
2348,10006
2349,10005
2350,10018
2351,10008
2352,10016
2353,10003
2354,10017
2355,10002
2356,10016
2357,10003
2358,10017
2359,10002
2360,10005
2361,10008
2362,900025
2363,900128
2364,900129
2365,900133
2366,900132
2367,900131
2368,900130
2369,900134
2370,900135
2371,900136
2372,900137
2373,10008
2374,10005
2375,10007
2376,10003
2377,10009
2378,10017
2379,10021
2380,10002
2381,10003
2382,900032
2383,10004
2384,10008
2385,10022
2386,900138
2387,900032
2388,10008
2389,10003
2390,10012
2391,10007
2392,10021
2393,10014
2394,900025
2395,10008
2396,10005
2397,10017
2398,10007
2399,10008
2400,10017
2401,900032
2402,10022
2403,10008
2404,10006
2405,10003
2406,10017
2407,10008
2408,10015
2409,900025
2410,10021
2411,10022
2412,900139
2413,10017
2414,10018
2415,10034
2416,10034
2417,10035
2418,10035
2419,900117
2420,900117
2421,10035
2422,10037
2423,10038
2424,10034
2425,10038
2426,10038
2427,10037
2428,10034
2429,10035
2430,10034
2431,10035
2432,10034
2433,10034
2434,10034
2435,10035
2436,10035
2437,10034
2438,10037
2439,10037
2440,10037
2441,900117
2442,10034
2443,10035
2444,10036
2445,10035
2446,10034
2447,10037
2448,10038
2449,900117
2450,900142
2451,10036
2452,10034
2453,10035
2454,10035
2455,10035
2456,10034
2457,10039
2458,10035
2459,10034
2460,10036
2461,10034
2462,10035
2463,10027
2464,10027
2465,10027
2466,10024
2467,10024
2468,10025
2469,10028
2470,10028
2471,900141
2472,10025
2473,10036
2474,10040
2475,10036
2476,10036
2477,10036
2478,10036
2479,10034
2480,10035
2481,10036
2482,10034
2483,10036
2484,10034
2485,10035
2486,10036
2487,10036
2488,10034
2489,10035
2490,10034
2491,10034
2492,10035
2493,10035
2494,10036
2495,10035
2496,10035
2497,10034
2498,10034
2499,10035
2500,10034
2501,900141
2502,10036
2503,10035
2504,10034
2505,10035
2506,10034
2507,10034
2508,10034
2509,10035
2510,10035
2511,10038
2512,900117
2513,900117
2514,10038
2515,10037
2516,10038
2517,10038
2518,10037
2519,10038
2520,10038
2521,10037
2522,900032
2523,900032
2524,10008
2525,10006
2526,10005
2527,10003
2528,10023
2529,10012
2530,10005
2531,900143
2532,900032
2533,900032
2534,10007
2535,900032
2536,10012
2537,10017
2538,10006
2539,10034
2540,10035
2541,10034
2542,900141
2543,900141
2544,900117
2545,10027
2546,10025
2547,10026
2548,10028
2549,10028
2550,10030
2551,10026
2552,10026
2553,10025
2554,10026
2555,10028
2556,10028
2557,10026
2558,10026
2559,10027
2560,10025
2561,10026
2562,10028
2563,10028
2564,10033
2565,10030
2566,10027
2567,10025
2568,900081
2569,900032
2570,10017
2571,10005
2572,10007
2573,10003
2574,10004
2575,10009
2576,10007
2577,900117
2578,900117
2579,900117
2580,10038
2581,10037
2582,10038
2583,10038
2584,10038
2585,10026
2586,10027
2587,10033
2588,900143
2589,900032
2590,900032
2591,900032
2592,10007
2593,10005
2594,10017
2595,10002
2596,10021
2597,10037
2598,10027
2599,10027
2600,900032
2601,900143
2602,10040
2603,10043
2604,10043
2605,10042
2606,10041
2607,10040
2608,10041
2609,10041
2610,10041
2611,10040
2612,10034
2613,10040
2614,10042
2615,10041
2616,10041
2617,10041
2618,10043
2619,10038
2620,10038
2621,10037
2622,10043
2623,10038
2624,10041
2625,10040
2626,10040
2627,10043
2628,10038
2629,10037
2630,10038
2631,10038
2632,10043
2633,10043
2634,10041
2635,10041
2636,10041
2637,10043
2638,10040
2639,10039
2640,10038
2641,10038
2642,10038
2643,900145
2644,10041
2645,10042
2646,10042
2647,10041
2648,10043
2649,10040
2650,10040
2651,10043
2652,10043
2653,10040
2654,10028
2655,10027
2656,11024
2657,11025
2658,11025
2659,11024
2660,11028
2661,10033
2662,10033
2663,10027
2664,11028
2665,900144
2666,900144
2667,10041
2668,10040
2669,10041
2670,10041
2671,10041
2672,10041
2673,11024
2674,10043
2675,10040
2676,10040
2677,10040
2678,10041
2679,10040
2680,10041
2681,10041
2682,10040
2683,10041
2684,10040
2685,10043
2686,10041
2687,10040
2688,10043
2689,10043
2690,10040
2691,10041
2692,10041
2693,10040
2694,10043
2695,10040
2696,10043
2697,10043
2698,10040
2699,900144
2700,10041
2701,10040
2702,10043
2703,10043
2704,10041
2705,10038
2706,10038
2707,10040
2708,10041
2709,10041
2710,10043
2711,10040
2712,10042
2713,900117
2714,10041
2715,10041
2716,10041
2717,10038
2718,10037
2719,10041
2720,10043
2721,10043
2722,10038
2723,10040
2724,10021
2725,900032
2726,900032
2727,11005
2728,11008
2729,11017
2730,11017
2731,11005
2732,11007
2733,11008
2734,11004
2735,900146
2736,900032
2737,900032
2738,10007
2739,10004
2740,10009
2741,10017
2742,10014
2743,900032
2744,10022
2745,10021
2746,10009
2747,900144
2748,10040
2749,10043
2750,10027
2751,10032
2752,11025
2753,10030
2754,10033
2755,10027
2756,11024
2757,11028
2758,11025
2759,11025
2760,10027
2761,10027
2762,10027
2763,11026
2764,11025
2765,10033
2766,11028
2767,10033
2768,11028
2769,10031
2770,11024
2771,900117
2772,900117
2773,900117
2774,10038
2775,10037
2776,10038
2777,11028
2778,10026
2779,10030
2780,11025
2781,11028
2782,900153
2783,900032
2784,11017
2785,10009
2786,11005
2787,11004
2788,11008
2789,11012
2790,11005
2791,900146
2792,900032
2793,900032
2794,900032
2795,11008
2796,11012
2797,11006
2798,11017
2799,11007
2800,11007
2801,10038
2802,10027
2803,10027
2804,900036
2805,10015
2806,10007
2807,900036
2808,10002
2809,900036
2810,900036
2811,900036
2812,10022
2813,10022
2814,10022
2815,900036
2816,900036
2817,900036
2818,900036
2819,10007
2820,10005
2821,10015
2822,10016
2823,900036
2824,900036
2825,900036
2826,10003
2827,10018
2828,10008
2829,900154
2830,900154
2831,900036
2832,900036
2833,900036
2834,10022
2835,10022
2836,10015
2837,10017
2838,10008
2839,10006
2840,10005
2841,10022
2842,10022
2843,10016
2844,10012
2845,10008
2846,10017
2847,10008
2848,10016
2849,900036
2850,900196
2851,900036
2852,900036
2853,900036
2854,900036
2855,900036
2856,900196
2857,10003
2858,10008
2859,10008
2860,10005
2861,10008
2862,10008
2863,900196
2864,900036
2865,10016
2866,900036
2867,10017
2868,10009
2869,10008
2870,10008
2871,10008
2872,10007
10001,900029
10002,900029
10003,900029
10004,900029
10005,900030
10006,900031
10007,10004
10008,10005
10009,10008
10010,10004
10011,10005
10012,10008
10099,900063
12233,900036
12315,10009
12316,900037
12317,900038
12318,10005
12319,900051
12410,900039
12411,900074
20001,10001
20002,10001
20003,10001
20004,10001
20005,10001
20006,10004
20007,10004
20008,10004
20009,10004
20010,10004
20011,10005
20012,10005
20013,10005
20014,10005
20015,10005
20016,10007
20017,10007
20018,10007
20019,10007
20020,10007
20021,10006
20022,10006
20023,10006
20024,10006
20025,10006
20026,10005
20027,10005
20028,10005
20029,10005
20030,10005
20031,10016
20032,10016
20033,10016
20034,10016
20035,10016
20036,10007
20037,10007
20038,10007
20039,10007
20040,10007
20041,10002
20042,10002
20043,10002
20044,10002
20045,10002
20046,10007
20047,10007
20048,10007
20049,10007
20050,10007
20051,10015
20052,10015
20053,10015
20054,10015
20055,10015
20056,10005
20057,10005
20058,10005
20059,10005
20060,10005
20061,10006
20062,10006
20063,10006
20064,10006
20065,10006
20066,900041
20067,900042
20068,900043
20069,900044
20070,900045
20071,900046
20072,900047
20073,900048
20074,900049
20075,900048
91001,10034
91002,10034
91003,10034
91004,10034
91005,10034
91006,10034
91007,10034
91008,10034
91009,10035
91010,10034
91011,10034
91012,10034
91013,10034
91014,10034
91015,900122
91016,10036
91017,10035
91018,10034
91019,10035
91020,10035
91021,10034
91022,10036
91023,10036
91024,10035
91025,10034
91026,10034
91027,10034
91028,10035
91029,10036
91030,10034
91031,10034
91032,10034
91033,10034
91034,10035
91035,10035
91036,10034
91037,10039
91038,10036
91039,10035
91040,10035
91041,10034
91042,10034
91043,10035
91044,10039
91045,10036
91046,10035
91047,10034
91048,10035
91049,10034
91050,10034
91051,10034
91052,10035
91053,10034
91054,10035
91055,10034
91056,10039
91057,10036
91058,10035
91059,10035
91060,10034
91061,10034
91062,10039
91063,900127
91064,10036
91065,10035
91066,10039
91067,10035
91068,10036
91069,10034
91070,10024
91071,900127
91072,10039
91073,10039
91074,10035
91075,10036
91076,10036
91077,10035
91078,10034
91079,10034
91080,10035
91081,10024
91082,10039
91083,10039
91084,10039
91085,900123
91086,10036
91087,10035
91088,10039
91089,10036
91090,10036
91091,10036
91092,10036
91093,10035
91094,10036
91095,10036
91096,10036
91097,10036
91098,10036
91099,10035
91100,10035
91101,10035
91102,10035
91103,10036
91104,10035
91105,10036
91106,10035
91107,10034
91108,10035
91109,10036
91110,10039
91111,10039
91112,10022
91113,10022
91114,10035
92151,10021
92152,10008
92153,10022
92154,900015
92155,900039
92156,900054
92157,900065
92158,900078
92159,900080
92160,900092
92161,900093
92162,900101
92163,900111
92164,10005
92165,10029
92166,10006
92167,900036
92168,10026
99001,10027
99002,10038
99003,10038
99004,10038
99005,10038
99006,10026
99007,10037
99008,10037
99009,10037
99010,10037
99011,10024
99012,10026
99013,900117
99014,10038
99015,10038
99016,900117
99017,900117
99018,900117
99019,900117
99020,900117
99021,10038
99022,10032
99023,10032
99024,10032
99025,10027
99026,10027
99027,10027
99028,900117
99029,10037
99030,10037
99031,10038
99032,10032
99033,10027
99034,10026
99035,10025
99036,10025
99037,10028
99038,10026
99039,10032
99040,10028
99041,10027
99042,10024
99043,10026
99044,10033
99045,10033
99046,10027
99047,10028
99048,10028
99049,10028
99050,10027
99051,10028
99052,10026
99053,10027
99054,10027
99055,10027
99056,10027
99057,10027
99058,10027
99059,10027
99060,10024
99061,10027
99062,10025
99063,10028
99064,10028
99065,10026
99066,10027
99067,10025
99068,10025
99069,10025
99070,10025
99071,10025
99072,10025
99073,10037
99074,10038
99075,10037
99076,10037
99077,10037
99078,10028
99079,10027
99080,10026
99081,10028
99082,10025
99083,10033
99084,10026
99085,10027
99086,10026
99087,10032
99088,10033
99089,10025
99090,10025
99091,10027
99092,10028
99093,10039
99094,900126
99095,900127
99096,10035
99097,10036
99098,10034
99099,10035
99100,10034
99101,10039
99102,10039
99103,10036
99104,10035
99105,10025
99106,10025
99107,10025
99108,10025
99998,20000
99999,10000
310101,10006
310102,10007
310103,10002
310104,10008
310105,10003
315401,900151
315402,910122
315501,900140
315502,910122
316001,900128
316002,900131
316003,900133
316004,900133
316005,900132
316006,900134
316007,900101
316008,10027
316009,10027
316010,11024
316011,11026
316012,11026
316013,11028
316014,11024
316015,11026
316016,11026
316017,10027
316018,10027
316019,10027
316020,10027
316021,11024
316022,11026
316023,11026
316024,11024
316025,10027
316026,10027
316027,10027
316028,10027
316029,11024
316030,10033
316031,10030
316032,11026
316033,10027
316034,11026
316035,10027
316036,11028
316037,11026
316038,11026
316039,10027
316040,10033
316041,11024
316042,11028
316043,10027
316044,10033
316045,10030
316046,11026
316047,10024
316048,11024
316049,10037
316050,10038
316051,10043
316052,10043
316053,10038
316054,10038
316055,10037
316056,10037
316057,900117
316058,10037
316059,10038
316060,10037
316061,10038
316062,10037
316063,10038
316064,10037
316065,10038
316066,10043
316067,10043
316068,10040
316069,10040
316070,10040
316071,10041
316072,10042
316073,10041
316074,10042
316075,10040
316076,10040
316077,10040
316078,10041
316079,10041
316080,10041
316081,10043
316082,10043
316083,10043
316084,10041
316085,10041
316086,10041
316087,10043
316088,10040
316089,10037
316090,10040
316091,10041
316092,10042
316093,900141
316094,900142
316095,11007
316701,10038
317901,900128
317902,900131
317903,900130
317904,900132
317905,900133
317906,900134
317907,900101
317908,10027
317909,10027
317910,11024
317911,11026
317912,11026
317913,11028
317914,11024
317915,11026
317916,11026
317917,10027
317918,10027
317919,10027
317920,10027
317921,11024
317922,11026
317923,11026
317924,11024
317925,10027
317926,10027
317927,10027
317928,10027
317929,11024
317930,10033
317931,10030
317932,11026
317933,10027
317934,11026
317935,10027
317936,11028
317937,11026
317938,11026
317939,10027
317940,10033
317941,11024
317942,11028
317943,10027
317944,10033
317945,10030
317946,11026
317947,10024
317948,11024
317949,10037
317950,10038
317951,10043
317952,10043
317953,10038
317954,10038
317955,10037
317956,10037
317957,900117
317958,10037
317959,10038
317960,10037
317961,10038
317962,10037
317963,10038
317964,10037
317965,10038
317966,10043
317967,10043
317968,10040
317969,10040
317970,10040
317971,10041
317972,10042
317973,10041
317974,10042
317975,10040
317976,10040
317977,10040
317978,10041
317979,10041
317980,10041
317981,10043
317982,10043
317983,10043
317984,10041
317985,10041
317986,10041
317987,10043
317988,10040
317989,10037
317990,10040
317991,10041
317992,10042
317993,900148
317994,900147
317995,11007
318201,900150
318202,910122
318301,900152
318302,910122
320101,900038
320102,10006
320103,10004
320104,10005
320105,10003
320106,10007
320107,10003
320108,10005
320201,10007
320202,900032
320203,10004
320204,900032
320205,900032
320206,10006
320207,10003
320208,10005
320301,10036
320302,10035
320303,10034
320304,10035
320307,10034
320308,10045
320309,10034
320310,10035
320401,10036
320402,10036
320403,10036
320404,10035
320405,10034
320406,10035
320407,10034
320408,10035
320501,10022
320502,10029
320503,10023
320504,10029
320505,10002
320506,10003
320507,10001
320508,10005
320601,10039
320602,10034
320603,10036
320604,10035
320605,10039
320606,10036
320607,10034
320608,10045
320609,10034
320610,10034
320611,10035
320701,900025
320702,900025
320703,900025
320704,10005
320705,10006
320706,10004
320707,10002
320708,10003
320709,10001
320710,10005
320801,900161
320802,10036
320803,10036
320804,10035
320805,10045
320806,10034
320807,10035
320808,10034
320809,10034
320810,10035
320901,900163
320902,11008
320903,900032
320904,900032
320905,11005
320906,11003
320907,11007
320908,11005
320909,11005
320910,10001
320911,10005
321001,11012
321002,900032
321003,11006
321004,11008
321005,900032
321006,900032
321007,11012
321008,11006
321009,10001
321010,10005
321101,10041
321102,10041
321103,10040
321104,10043
321105,10040
321106,10043
321107,10040
321108,10041
321109,10034
321110,10035
321201,10043
321202,10043
321203,10040
321204,10041
321205,10043
321206,10034
321207,10035
321301,10022
321302,10022
321303,900032
321304,11029
321305,11004
321306,11008
321307,11006
321308,10001
321309,10005
321401,10041
321402,10041
321403,10041
321404,10041
321405,10040
321406,10043
321407,10040
321408,10041
321409,10040
321410,10034
321411,10035
321501,10022
321502,11007
321503,11005
321504,11003
321505,11007
321506,11008
321507,11012
321508,10022
321509,10001
321510,10005
321601,900157
321602,10040
321603,10040
321604,10043
321605,10040
321606,10042
321607,10040
321608,910107
321609,10034
321610,10035
321701,900160
321702,10035
321703,10034
321704,10034
321705,10034
321706,10034
321707,10034
321802,910132
321803,10039
321804,10039
321805,910133
321902,10081
322002,12069
322003,12069
322004,12069
322103,12069
322104,10036
322203,900032
322303,10036
322304,12069
322305,12069
322306,12069
322404,10004
322405,10005
322406,10001
322505,12058
322506,12058
322507,12058
322508,12058
322509,900157
330201,10038
330202,10037
330203,10037
330601,900036
330602,10021
330603,10003
330604,10002
330801,10003
330802,10009
330803,10002
330804,12066
331001,900036
331002,10016
331003,10018
331004,10016
331201,900166
331202,900166
331203,10038
331204,10037
331401,900166
331402,900166
331403,10038
331404,10037
331405,10037
331601,900166
331602,900166
331603,10037
331604,10037
331605,10037
331901,900036
331902,900036
331903,900036
331904,900036
331905,10021
331906,10021
332101,10037
332102,10037
332103,10038
332104,900036
332105,10002
332106,10018
332401,900164
332402,10058
332403,10056
332404,10055
332405,10029
332406,10021
332407,10055
332801,10022
332802,10022
332803,10034
332804,10035
332805,10058
332806,10057
333001,900036
333002,10021
333003,10034
333004,10035
333005,10021
333006,10055
333201,10058
333202,10056
333203,10057
333401,900168
333402,900036
333403,900036
333404,10021
333405,10058
333406,10002
333601,900345
333602,900346
333603,900347
333604,12051
333605,12052
333606,12053
333607,12050
333801,12050
333802,12051
333803,12052
333804,12053
333805,12050
333901,12066
333902,12050
333903,12052
333904,12052
333905,900181
333906,900182
333907,900183
334101,10037
334102,10037
334103,10038
334104,10027
334105,12051
334106,10026
334107,12052
334402,900193
334601,900181
334602,900182
334603,900183
334604,10026
334605,10027
334606,12050
334607,12051
334608,12052
334609,12053
334701,900179
334702,10037
334703,10038
334704,10037
334705,10037
334706,10037
334707,12055
334708,10027
334709,10026
334907,900182
334908,10058
334909,10052
334910,10026
334911,10050
334912,10055
334913,10056
334914,10040
334915,10043
334916,10042
334917,10040
334918,10041
334919,10031
334920,10051
334921,10052
334922,10024
334923,10051
334924,10052
334925,10052
334926,10033
334927,10028
334928,10032
334929,10033
334930,10031
334931,10027
334932,10028
334933,12050
334934,10028
334935,10038
334936,10037
334937,10038
334938,10038
334939,10037
334940,10038
334941,10038
334942,10037
334943,10038
334944,900179
334945,900179
334946,900179
334947,10056
334948,10040
334949,10041
334950,10040
334951,10057
334952,10058
334953,10058
334954,10058
334955,10040
334956,900168
334957,900180
334999,10056
335001,10037
335002,900167
335003,900167
335004,900167
335005,10038
335006,10037
335007,10037
335101,10022
335102,10022
335103,10022
335104,11003
335105,10021
335106,10021
335107,10022
335201,11002
335202,12066
335203,12066
335204,12066
335205,12066
335206,11002
335207,11002
335301,10046
335302,12066
335303,11002
335304,10046
335305,11003
335306,10046
335307,10046
335401,10037
335402,900167
335403,900167
335404,10037
335405,10038
335406,900117
335407,900167
335501,900167
335502,900167
335503,10037
335504,10038
335505,10038
335506,10037
335601,900167
335602,900167
335603,10037
335604,10037
335605,10037
335606,10038
335607,10038
335608,10038
335609,10037
335610,900167
335701,10021
335702,10022
335703,10022
335704,10022
335705,10022
335706,11029
335707,11029
335708,11029
335709,11029
335801,11001
335802,11001
335803,11002
335804,11003
335805,10038
335806,10037
335807,10038
335808,10037
335809,11003
335901,900165
335902,900169
335903,900169
335904,10056
335905,10055
335906,11029
335907,10021
335908,10022
335909,11029
335910,900169
335911,900169
335912,10056
335913,900169
336001,10058
336002,10056
336003,10058
336004,10058
336005,10058
336006,10021
336007,10021
336008,11001
336009,11002
336010,11001
336011,10057
336012,10058
336013,10058
336014,10058
336015,10058
336016,10058
336101,11001
336102,10021
336103,10058
336104,10057
336105,10058
336106,10057
336107,11001
336108,11003
336109,11003
336110,900032
336111,11018
336112,11018
336113,10058
336114,10056
336201,10058
336202,10058
336203,10058
336204,10058
336205,11001
336206,11018
336207,10057
336301,900169
336302,10022
336303,10022
336304,10057
336305,10058
336306,10058
336307,10040
336308,10041
336309,10040
336310,10041
336311,10022
336401,900350
336402,900349
336403,900348
336404,12050
336405,12052
336406,12053
336407,10027
336408,11025
336409,11028
336410,12050
336411,12052
336412,10038
336413,900179
336414,10038
336501,900184
336502,900185
336503,900186
336504,12050
336505,12051
336506,10033
336507,10032
336508,12052
336509,10047
336510,10033
336511,12051
336512,10033
336601,900186
336602,900185
336603,900184
336604,12052
336605,12053
336606,10033
336607,12051
336608,10027
336609,12050
336610,11001
336611,10066
336612,10066
336613,10066
336614,11024
336615,11024
336701,900184
336702,12050
336703,10047
336704,900179
336705,11028
336706,12050
336707,12053
336708,10033
336709,10033
336710,11026
336711,11024
336712,10038
336713,10038
336714,11028
336715,10033
336716,12050
336717,10038
336718,900185
336719,900185
336801,900184
336802,900185
336803,900186
336804,10030
336805,10027
336806,10027
336807,12051
336808,12050
336809,12052
336810,10033
336811,12053
336812,12051
336813,10066
336814,10066
336815,12052
336816,10030
336817,10027
336901,900195
336902,10038
336903,10037
336904,10037
336905,10037
336906,10037
336907,10038
336908,10038
336909,10038
336910,12066
336911,12052
336912,12050
336913,10038
337001,900194
337207,900185
337208,10058
337209,10052
337210,11026
337211,10050
337212,10055
337213,10056
337214,10040
337215,10043
337216,10042
337217,10040
337218,10041
337219,10031
337220,10051
337221,10052
337222,11024
337223,10051
337224,10052
337225,10052
337226,10033
337227,10028
337228,10032
337229,10033
337230,10031
337231,10027
337232,11028
337233,12050
337234,11028
337235,10038
337236,10037
337237,10038
337238,10038
337239,10037
337240,10038
337241,10038
337242,10037
337243,10038
337244,900179
337245,900179
337246,900179
337247,10056
337248,10040
337249,10041
337250,10040
337251,10057
337252,10058
337253,10058
337254,10058
337255,10040
337256,900180
337257,900170
337399,900170
360101,10051
360102,10051
360103,10054
360104,10028
360111,10028
360112,10026
360113,10051
360114,10051
360115,10051
360116,10052
360117,10052
360118,10028
360119,10051
360120,10051
360121,10052
360122,10052
360201,10004
360202,10006
360203,10008
360204,10007
360205,10007
360206,10002
360207,10004
360208,10012
360209,10008
360210,10009
360211,10001
360212,10012
360213,10006
360214,10017
360215,10009
360216,900059
360301,10001
360302,10004
360303,10002
360304,10017
360305,10008
360306,10012
360307,10006
360308,10014
360309,10002
360310,10009
360311,10008
360312,10027
360313,10027
360314,10028
360315,10051
360316,10050
360321,10051
360322,10028
360323,10026
360324,10052
360325,10028
360326,10028
360327,10050
360328,10052
360329,10047
360401,10051
360402,10052
360403,10054
360404,10030
360405,10026
360406,10051
360407,10028
360408,10028
360410,10028
360411,10028
360412,10028
360501,10028
360502,10026
360503,10051
360504,10052
360505,10054
360506,10052
360507,10028
360508,10026
360509,10027
360510,10027
360601,10051
360602,10052
360603,10054
360604,10071
360605,10028
360606,10026
360607,10030
360608,10030
360609,10052
360610,10054
360611,10002
360612,10050
360613,10050
360614,10050
360701,10071
360702,10073
360703,10051
360704,10026
360705,10052
360706,10028
360707,10052
360708,10051
360709,10011
360710,10050
360718,10050
360719,10050
360720,10050
360801,10012
360802,10001
360803,10002
360804,10017
360805,10007
360806,10006
360807,10008
360808,10003
360809,10002
360810,10006
360901,10027
360902,10052
360903,10051
360904,10051
360905,10051
360906,10054
360907,10073
360908,10028
360909,10028
360910,10052
360911,900057
360912,11017
360913,10008
360915,10050
360916,10050
360917,10050
361001,10028
361002,10026
361003,10051
361004,10051
361005,10051
361006,10052
361007,10052
361008,10028
361009,10051
361010,10051
361011,10008
361012,10007
361013,10001
361014,10012
361015,10008
361016,10017
361017,10012
361018,10008
361019,10017
361020,900116
361021,10008
361101,10027
361102,10027
361103,10027
361104,10026
361105,10028
361106,10051
361107,10052
361108,10051
361109,10030
361110,10030
361120,10050
361201,10066
361202,10066
361203,10031
361204,10031
361205,10033
361206,10031
361207,10028
361208,10024
361209,10031
361210,10025
361211,10053
361212,10050
361213,900182
361301,900204
361302,10052
361303,10071
361304,10054
361305,10051
361306,10047
361307,900093
361308,900081
361309,900026
361310,10017
361311,10017
361312,10008
361401,10052
361402,10027
361403,900204
361404,10052
361405,10052
361406,10028
361407,10024
361408,10026
361409,10026
361410,10052
361411,10027
361412,10024
361413,10026
361504,10034
361505,10035
361506,10036
361507,10058
361508,10035
361509,10035
361510,10034
361511,10036
361512,10035
361513,10034
361601,10027
361602,10051
361603,10026
361604,10028
361605,10025
361606,10025
361607,10051
361608,10052
361609,10028
361610,10026
361611,10026
361612,10028
361613,10025
361614,10047
361615,10028
361616,10050
361617,10025
361701,10034
361702,10057
361703,10058
361704,10035
361705,10036
361706,10056
361707,900206
361801,10008
361802,10024
361803,10050
361804,10052
361805,10071
361806,10073
361807,900212
361808,900212
361809,900212
361901,10001
361902,900210
361903,10009
361904,10002
361905,900036
361906,900036
361907,900036
361908,10016
361909,900036
362001,900213
362101,900199
362201,10004
362202,10003
362203,10021
362204,10017
362205,10008
362206,10011
362207,900027
362208,10001
362209,10006
362210,10007
362211,10021
362212,10001
362213,10009
362301,900201
362302,900036
362303,900036
362304,10022
362305,10022
362306,10008
362307,10001
362308,10007
362309,10017
362310,10016
362401,10057
362402,10055
362403,10056
362404,10057
362405,10042
362406,10042
362407,10041
362408,10057
362409,10058
362410,10057
362411,10055
362412,10058
362413,10056
362414,10042
362415,10041
362416,10057
362417,10058
362501,11008
362502,11006
362503,11005
362601,11008
362701,900211
362702,11012
362703,11018
362704,900032
362705,11002
362706,900211
362801,900200
362802,900032
362803,11005
362804,11016
362805,11008
362806,11018
362807,11002
362808,11003
362901,900214
362902,10024
362903,10025
362904,12052
362905,10025
362906,10022
362907,10007
362908,10009
362909,10012
362910,10008
362911,900214
362912,10024
362913,10025
362914,12052
362915,10025
362916,12057
362917,10055
362918,10056
362919,10041
362920,10057
362921,900202
362922,900204
362923,900093
362924,900214
362925,900154
362926,12051
362927,12052
362928,11025
362929,12051
362930,12050
362931,11028
362932,10071
362933,10073
362934,11026
362935,12052
362936,12051
362937,12050
362938,10071
362939,11012
362940,11016
362941,11006
362942,11008
362943,11017
362944,900032
362945,12057
362946,10041
362947,10040
362948,10040
363001,10031
363002,10031
363003,10050
363004,10031
363005,10032
363006,10031
363007,10031
363008,10050
363009,10031
363010,10032
363011,10051
363012,10047
363013,10050
363014,10028
363015,10027
363016,10050
363017,10026
363018,10052
363019,10033
363020,10024
363021,10025
363022,10026
363023,10028
363024,10028
363025,10027
363026,10050
363027,10026
363028,10052
363029,10033
363030,10024
363031,10025
363032,10026
363033,10028
363034,10031
363035,10052
363036,900179
363037,900179
363038,900179
363039,10038
363040,10038
363041,10037
363042,10037
363043,10038
363044,10037
363045,10057
363046,10035
363047,10034
363048,10057
363049,10028
363050,10028
363051,10051
363052,10050
363053,11026
363054,12052
363055,12051
363056,12050
363057,11025
363058,12051
363059,12052
363060,12051
363061,11025
363098,900203
363099,900204
363101,10028
363102,10071
363103,10051
363104,10071
363105,10054
363106,10028
363107,10026
363108,10052
363109,10054
363110,10028
363201,10035
363202,10034
363203,10036
363204,10036
363205,10057
363206,10039
363207,10034
363208,10039
363209,10034
363210,10036
363301,10028
363302,10026
363303,10051
363304,10051
363305,10051
363306,10052
363307,10052
363308,10028
363309,10051
363310,10051
363401,10028
363402,10026
363403,10051
363404,10051
363405,10028
363406,10052
363407,10052
363408,10028
363409,10051
363410,10051
363421,10050
363422,10050
363503,10028
363504,10026
363505,10051
363506,10052
363507,10030
363508,10027
363601,10052
363602,10028
363603,10025
363604,10033
363605,10008
363606,10035
363607,10003
363608,10012
363609,10016
363610,900032
363702,10031
363703,10027
363704,10050
363705,10025
363706,10016
363707,900036
363708,10035
363709,10006
363710,10005
363711,900182
370101,13001
370102,10006
370103,10001
370104,10007
370201,13002
370202,10008
370203,10002
370204,10007
370301,10029
370302,10029
370303,10021
370304,10022
370401,13002
370402,10016
370403,10015
370404,10016
370405,900026
370406,900026
370407,900026
370501,10012
370502,10008
370503,13002
370504,13002
370601,10015
370602,10016
370603,900026
370604,900026
381401,13105
381402,13101
381403,13101
381404,13101
381503,90001
381504,90001
381603,13101
381604,13103
381605,13102
381606,13103
381607,11003
381608,13102
381609,13101
381701,900223
381702,13103
381703,13101
381704,13101
381705,13102
381706,13102
381707,13103
381708,13101
381709,13102
381710,13103
381801,13101
381802,13103
381803,13103
381804,13101
381805,13102
381806,13103
381807,13101
381808,13102
381809,13103
381901,900222
381902,13101
381903,13103
381904,13101
381905,13102
381906,13101
381907,13101
381908,13102
381909,13103
381910,13103
381911,13102
381912,13102
382001,900220
382002,10022
382003,10022
382004,10022
382005,10022
382006,10023
382007,10023
382008,10023
382009,10023
382010,10023
382011,10023
382012,10023
382013,10023
382014,10023
382015,10023
390101,10031
390102,10031
390103,10031
390104,10027
390105,10033
390106,12052
390107,12050
390108,12054
390109,10071
390110,11026
390111,10033
390112,10027
390113,11001
390114,11004
390115,11011
390116,11018
390117,11017
390118,11008
390119,900032
390120,900093
390121,900094
390122,11011
390123,11018
390124,900032
390125,11002
390126,11005
390127,11003
390128,900032
390129,900032
390130,11018
390131,11006
390132,11007
390133,11008
390134,900032
390135,11016
390136,900032
390137,11017
390138,11008
390139,11003
390140,11016
390141,900032
390142,10021
390143,11012
390144,11008
390145,11007
390146,900098
390147,900099
390148,900099
390149,10071
390150,10071
390151,10031
390152,12052
390153,12050
390154,10071
390155,12051
390156,10047
390157,12050
390158,10023
390159,10022
390160,900032
390161,11007
390162,11004
390163,11016
390164,11018
390165,12051
390166,12054
411001,900051
411002,900032
411003,900032
411004,11030
411005,11008
411101,11005
411102,11017
411103,900032
411104,11008
411201,900032
411202,900032
411203,11008
411204,11006
411205,900032
411206,900032
411207,11008
411208,11006
411301,900066
411302,900020
411303,900232
411304,900232
411305,11008
411306,11014
411307,900032
411308,11007
411309,11031
411310,11012
411401,900232
411402,900032
411403,11008
411404,11030
411405,11105
411406,10021
411407,900032
411408,11104
411409,900032
411410,11006
420101,13002
420102,13001
420103,13119
420104,13118
420201,13112
420202,13112
420203,13118
420204,13002
420301,10029
420302,10021
420303,13002
420304,13119
420401,13002
420402,13122
420403,10003
420404,13002
420501,900032
420502,13111
420503,13112
420504,10022
420505,13112
420601,10029
420602,13122
420603,13002
420604,13112
420701,10029
420702,13119
420703,13002
420704,13002
420705,13118
420706,13118
420707,13112
420708,13112
420709,13112
420801,10029
420802,10021
420803,13002
420804,13002
420805,13122
420806,13122
420807,13112
420808,13112
440201,10035
440202,10036
440203,10079
440204,10034
440301,10075
440302,10034
440303,10035
440304,10036
440305,900252
440401,10066
440402,10080
440403,10081
440404,10075
440405,10035
440500,90001
440501,10029
440502,10006
440503,10035
440504,10021
440601,10075
440602,10075
440603,10075
440604,10075
440605,10075
440606,10075
440607,10074
440608,10074
440701,10029
440702,10035
440703,10034
440704,10036
440801,10029
440802,10035
440803,10076
440804,10036
440901,10029
440902,10034
440903,10036
440904,900266
441801,10035
441802,10036
441803,10080
441804,10081
441901,10080
441902,10080
441903,10036
441904,10079
441905,900252
442001,10066
442002,10081
442003,10081
442004,10080
442005,10036
442006,10036
442007,10021
442008,10022
442009,10022
442101,10021
442102,11008
442103,10080
442104,10022
442201,10075
442202,10075
442203,10075
442204,10075
442205,10075
442206,10075
442207,10074
442208,10074
442301,10076
442302,10079
442303,10080
442304,10080
442401,10029
442402,10076
442403,10079
442404,10080
442405,10080
442501,10021
442502,10081
442503,10036
442504,900267
444201,993701
444501,10034
444502,10035
444503,10036
444504,10076
444601,10034
444602,10035
444603,10036
444604,10076
444701,10076
444702,10035
444703,10079
444704,10034
444705,10080
444706,900266
444801,10076
444802,10035
444803,10079
444804,10034
444805,10080
444806,900267
460401,10038
460402,10037
460403,10037
460404,10038
460405,10037
460501,900066
460502,900066
460503,900066
460504,13214
460505,13215
460506,13216
460507,900285
460901,10038
460902,10037
460903,10037
460904,900117
460905,10037
461001,900066
461002,900066
461003,900066
461004,13215
461005,13216
461006,13213
461007,13216
461008,900286
480101,10034
480102,10035
480103,10036
480104,10036
480105,10076
480106,10089
480107,10076
480108,10036
480111,10088
480112,10089
480113,10035
480114,10088
480115,10090
480116,10089
480117,10088
480118,10035
480121,10036
480122,10078
480123,10079
480124,10088
480125,10089
480126,10079
480127,10078
480128,10036
480131,10081
480132,10079
480133,10089
480134,10081
480135,10085
480136,10090
480137,10085
480138,10089
480141,10066
480142,900312
480143,900313
480144,10079
480145,10079
480150,10086
480151,10035
480152,10036
480153,10034
480154,10035
480155,10036
480156,10089
480157,10035
480158,10086
480159,10088
480160,10076
480161,10076
480162,10088
480163,10076
480164,10089
480165,10088
480166,10089
480167,10090
480168,10088
480169,10090
480170,10036
480171,10089
480172,10078
480173,10081
480174,10079
480175,10085
480176,10078
480177,10089
480178,10079
480179,10085
480180,10036
480181,10089
480182,10078
480183,10076
480184,10090
480185,10078
480186,10090
480187,10079
480188,10088
480189,10088
481401,10034
481402,10035
481403,10036
481503,10081
481504,10081
481505,10090
481601,10036
481602,10036
481603,10036
481604,10076
481605,10090
481606,900300
481701,10076
481702,10090
481703,10036
481801,10026
481802,10024
481803,10025
481804,10027
481805,10050
481901,10028
481902,10027
481903,10024
481904,10051
481905,10028
482001,10027
482002,10026
482003,10051
482004,10033
482101,10088
482102,10076
482103,10090
482112,10076
482113,10090
482201,900302
482202,900303
482203,10088
482204,10088
482205,10090
482206,10090
482207,10076
482301,900306
482302,10028
482303,10026
482304,10025
482401,10027
482402,10024
482403,10050
482404,900314
482501,900308
482502,900309
482503,900309
482504,900309
482505,10079
482506,10078
482507,10035
483401,10077
483402,10090
483403,10078
483404,10088
483501,10036
483502,10036
483503,10036
483504,10090
483505,10078
483506,900301
483601,10088
483602,10077
483603,10079
483701,10050
483702,10027
483703,10071
483704,10050
483801,10033
483802,10050
483803,10071
483804,10051
483901,10052
483902,10050
483903,10051
483904,10033
483905,10028
483906,10027
484001,10088
484002,10078
484003,10076
484004,10080
484005,10080
484012,10078
484013,10076
484101,900304
484102,900305
484103,10088
484104,10078
484105,10078
484106,10088
484201,900307
484202,10027
484203,10051
484204,10052
484301,900310
484302,900311
484303,900311
484304,900311
484305,10079
484306,10088
484307,10078
484401,10029
490101,13123
490102,10070
490103,13124
490104,13124
490201,13123
490202,13124
490203,13123
490204,13124
490302,13223
490303,13224
490304,13221
490305,13222
490306,13123
490307,13123
490308,13222
490309,13124
490310,13124
490311,13223
490401,13123
490402,13123
490403,13123
490404,13123
490405,13123
490406,13220
490407,13124
490408,13124
490409,900316
500101,13002
500102,13002
500301,13226
500302,13225
500303,13227
500304,900351
500401,900352
500402,13225
500403,13226
500404,13227
500405,13228
500406,13002
500407,13002
500408,13225
500409,13225
500413,13229
500414,13230
500415,13231
500501,13225
500502,13225
500503,13225
500504,13225
500505,13226
500506,13227
500507,13230
500508,13231
510201,900336
510202,10037
510203,10037
510204,10037
510205,10037
510206,10037
510301,900336
510302,10076
510303,10088
510304,10078
510401,10051
510402,10027
510403,10096
510404,10096
510405,10096
510406,10096
510501,10090
510502,10090
510503,10090
510504,10090
510505,10034
510506,10086
510601,10034
510602,10035
510603,10076
510604,10089
510701,900337
510702,10086
510703,10076
510704,10088
510705,10078
510801,10090
510802,10035
510803,10081
510804,10076
510805,10089
510901,10035
510902,10081
510903,10076
510904,10089
511001,900340
511002,10034
511003,10095
511004,10095
511005,10088
511101,900343
511102,10090
511103,10095
511104,10076
511105,10081
511701,10086
511702,10035
511703,10076
511704,10078
511801,900338
511802,10035
511803,10089
511804,10088
511805,10090
511901,10090
511902,10035
511903,10036
511904,10089
511905,10088
512001,10035
512002,10081
512003,10076
512004,10089
512005,10090
512101,900341
512102,10095
512103,10089
512104,10078
512105,10088
512201,900343
512202,10090
512203,10076
512204,10089
512205,10081
512701,10089
512702,10078
512703,10088
512704,10035
512801,900339
512802,10035
512803,10089
512804,10088
512805,10090
512901,10090
512902,10035
512903,10036
512904,10089
512905,10088
513001,10035
513002,10081
513003,10076
513004,10089
513005,10090
513101,900342
513102,10095
513103,10089
513104,10078
513105,10088
513201,900343
513202,10090
513203,10076
513204,10089
513205,10081
513701,910134
513702,910134
513703,910134
513704,910134
514701,10086
514702,10086
514703,10086
514704,10086
514705,10035
514706,10035
514707,10035
514708,10035
514801,10095
514802,10095
514803,10095
514804,10095
514805,10088
514806,10088
514807,10088
514808,10088
514901,10087
514902,10087
514903,10087
514904,10087
514905,10087
514906,10036
514907,10036
514908,10036
514909,10036
514910,10036
514911,10087
514912,10036
515001,10076
515002,10076
515003,10076
515004,10076
515005,10076
515006,10079
515007,10079
515008,10079
515009,10079
515010,10079
515011,10076
515012,10079
611041,10006
611051,10006
611052,10007
611053,10008
611061,10006
611062,10006
611063,10008
611064,10005
700001,900063
700002,900063
700003,900063
700004,900063
700005,900063
700006,900063
800001,10038
800002,10037
800003,10037
800004,10038
800005,10038
800006,10038
800007,10024
800008,10026
800009,10028
800010,10038
800011,10037
800012,10024
800013,10026
800014,10026
800015,10027
800016,10038
800017,10038
800018,10024
800019,10026
800020,10028
800021,10024
800022,10024
800023,10028
800024,10026
800025,10024
800026,10026
800027,10024
800028,10024
800029,10024
800030,10024
800031,10024
800032,10024
800033,10024
800034,10028
800035,10027
800036,10024
800037,10028
800038,10027
800039,10024
800040,10026
800041,10026
800042,10028
800043,10026
800044,10024
800045,10027
800046,10024
800047,10026
800048,10028
800049,10028
800050,10024
800051,10026
800052,10028
800053,10028
800054,10026
800055,10024
800056,10026
800057,10028
800058,10027
800059,10026
800060,10028
800061,10027
800062,10034
800063,10035
800064,10036
800065,10035
800066,10036
800067,10039
800068,10039
800069,900126
800070,900117
910001,10001
910002,10002
910003,10003
910004,10004
910005,10005
910006,10006
910007,10007
910008,10008
910009,10009
910010,900036
910012,10012
910015,10015
910016,10016
910017,10017
910018,10018
910021,10021
910022,10022
911001,11001
911006,11006
911007,11007
911008,11008
911011,11011
911012,11012
911104,11104
911105,11105
913101,13001
913124,13124
920001,10002
920002,10005
920003,10006
920004,10012
920005,10016
920006,10008
920007,10008
930001,900056
930002,900057
930003,900058
930004,900059
930005,900072
930006,900062
930007,900023
930008,900060
930009,900050
930010,900052
930011,900081
930012,900093
930013,900116
930014,900115
930015,900217
930016,900288
930017,900315
930018,900318
930019,900344
940001,11008
940002,10009
940003,10037
940004,10040
940005,10002
940006,10006
940007,10016
940008,10036
940009,10052
940010,900036
940011,10003
940012,10018
940013,10055
940014,10027
940015,10066
950001,1
950002,1
950003,1
950004,1
950005,1
950006,1
950007,1
950008,1
950009,1
950010,1
950011,1
950012,1
950013,1
950014,1
950015,1
950016,1
950017,1
950018,1
950019,1
950020,1
950021,1
950022,1
950023,1
950024,1
950025,1
950026,1
950027,1
950028,1
950029,1
950030,1
950031,1
950032,1
950033,1
950034,1
950035,1
950036,1
950037,1
950038,1
950039,1
950040,1
950041,1
950042,1
950043,1
950044,1
950045,1
950046,1
950047,1
950048,1
950049,1
950050,1
1000110,11007
1000111,12051
1000112,10043
1000113,11030
1000114,10043
1000115,10029
1000116,10043
1000117,10040
1000118,11006
1000119,12051
1000120,11104
1000121,11105
1000122,10052
1000123,12053
1000124,11104
1000125,11001
1000126,11006
1000127,10040
1000128,10040
1000129,10035
1000130,11105
1000131,11030
1000132,10009
1000133,10015
1000134,12051
1000135,10015
1000136,11008
1000137,11030
1000138,10081
1000139,10081
1000140,10086
1000141,11104
1000142,10076
1000143,10076
1000144,10081
1000145,10071
1000146,10066
1000147,10043
1000148,10078
1000149,11008
1051101,12051
1051102,10043
1051103,10029
1051201,10027
1051202,11006
1051203,10015
1051204,10015
1051301,12051
1051302,12051
1051303,10043
1051304,10009
1051401,12051
1051402,11030
1051403,10001
1051404,10043
1051501,10027
1051502,11006
1051503,11007
1051504,10015
1051505,10015
1051601,10027
1051602,11006
1051603,11007
1051604,11026
1051605,10015
1051701,10027
1051702,10027
1051703,10034
1051704,11006
1051705,11008
1051706,10015
1051801,11105
1051802,10002
1051803,11006
1051804,10015
1051805,10040
1051806,10076
1052101,10027
1052102,10034
1052103,10015
1052104,10015
1052201,11105
1052202,11007
1052203,10009
1052204,12051
1052301,11012
1052302,11104
1052303,10029
1052304,10075
1052305,10040
1052401,11105
1052402,11006
1052403,12051
1052404,10052
1052405,12053
1052501,12051
1052502,11030
1052503,12051
1052504,10001
1052505,11007
1052601,10078
1052602,10040
1052603,10043
1052604,10078
1052605,10029
1052606,10043
1052701,12051
1052702,12051
1052703,10052
1052704,11007
1052705,11104
1052706,11030
1052801,10042
1052802,10078
1052803,10027
1052804,10034
1052805,10015
1052806,10027
1053101,10015
1053102,10027
1053103,11026
1053104,10034
1053201,11006
1053202,11104
1053203,11008
1053204,11007
1053301,10034
1053302,10079
1053303,10076
1053304,10078
1053305,10071
1053401,10081
1053402,10081
1053403,10081
1053404,10081
1053405,10040
1053501,10066
1053502,10066
1053503,10066
1053504,10066
1053505,10086
1053601,11104
1053602,12052
1053603,11008
1053604,10029
1053605,10078
1053606,11104
1053701,10076
1053702,10035
1053703,10076
1053704,10076
1053705,10079
1053706,10042
1053801,11030
1053802,11007
1053803,11008
1053804,12052
1053805,10043
1053806,10035
1054101,11007
1054102,11030
1054103,12051
1054104,10001
1054105,10043
1054106,12051
1054201,10034
1054202,10078
1054203,10042
1054204,11006
1054205,11007
1054206,10027
1054301,11030
1054302,11104
1054303,11104
1054304,11008
1054305,11007
1054306,11007
1054401,11007
1054402,11006
1054403,10046
1054404,10081
1054405,10081
1054406,10081
1054501,11105
1054502,11006
1054503,11012
1054504,11104
1054505,11007
1054506,11008
1054601,10066
1054602,10066
1054603,10066
1054604,10066
1054605,10071
1054606,11030
1054701,10035
1054702,10043
1054703,10081
1054704,10076
1054705,10086
1054706,10078
1054801,11030
1054802,12052
1054803,10078
1054804,10034
1054805,11008
1054806,10043
1231501,910101
1231502,910104
1231503,910107
1231504,910110
1231505,910113
1231506,910116
1231507,910118
1231508,910119
1231509,910120
1231510,910121
1231511,910117
3610001,10007
3610002,10006
3610003,10017
3610004,10009
3610005,10008
3610006,10012
3610007,10002
3699907,10036
3699908,10036
3699909,10036
3699911,10050
4110100,10002
4110101,10001
4110102,10004
4110103,10005
4110104,10007
4110105,10002
4120100,10003
4120101,10001
4120102,10004
4120103,10007
4120104,10009
4120105,10002
4120106,10009
4120107,10017
4120108,10001
4120109,10009
4120110,10012
4140100,10007
4140101,10012
4140102,10008
4140103,10004
4140104,10017
4140105,10046
4140106,10001
4140107,10007
4140198,10023
4140199,10022
4140200,10012
4140201,10008
4140202,10046
4140203,10007
4140204,10008
4140205,10017
4140206,10007
4140207,10008
4140300,900228
4140301,10046
4140302,10004
4140303,10023
4140304,10012
4140305,10017
4140306,10009
4140307,10002
4140308,10023
4140400,900228
4140401,10007
4140402,10008
4140403,10006
4140404,10009
4140405,10012
4140406,10046
4140500,10002
4140501,10007
4140502,10008
4140503,10007
4140504,10046
4140505,10001
4140506,10023
4140590,10007
4140599,10022
4140600,10012
4140601,10007
4140602,10023
4140603,10009
4140604,10046
4140605,10046
4140606,10012
4140607,10018
4140608,10008
4140609,10007
4140700,10046
4140701,10046
4140702,10012
4140703,10023
4140704,10002
4140705,10009
4140706,10017
4140707,10004
4140800,10007
4140801,10008
4140900,900229
4140901,10008
4140902,10017
4140903,10002
4140904,10023
4140905,10007
4140906,10004
4140907,10007
4140908,10002
4140990,10008
4141000,10004
4141001,10007
4141002,10007
4141003,10009
4141004,10023
4141005,10046
4141006,10011
4141007,10007
4141008,10015
4141009,10046
4141100,10023
4141101,10009
4141102,10046
4141103,10046
4141104,10012
5071011,13117
5071012,13117
5071013,13118
5071014,13118
5071021,13118
5071022,13119
5071023,13118
5071024,13118
5071025,13117
5071026,13119
5071031,13119
5071032,13119
5071033,13117
5071034,13117
5071035,13118
5071036,13118
5071037,10009
5071038,10009
5071041,13117
5071042,13117
5071043,13118
5071044,13118
5071045,13119
5071046,13119
5071047,900060
5071048,10009
5081011,10012
5081012,10012
5081013,13124
5081014,10017
5081021,13124
5081022,10017
5081023,10070
5081024,13124
5081025,10012
5081031,10012
5081032,10012
5081033,10017
5081034,10012
5081035,10017
5081036,13124
5081037,13124
5081038,13124
5081041,13124
5081042,13124
5081043,10012
5081044,10017
5081045,10017
5081046,10012
5081047,900198
5081048,900197
6000101,10003
6000201,10004
6000301,10001
6000302,10002
6000401,12051
6000402,11015
6000403,10007
6000501,10005
6000601,10008
6000602,10017
6000701,10006
6000801,10021
6000901,10002
6001001,10002
6001002,10001
6001101,10001
6001102,10002
6001201,900051
6001301,10007
6001302,10008
6001401,10023
6001501,10008
6001502,10022
6001601,10022
6001701,10022
6001702,10022
6001801,10056
6001901,10008
6002001,10008
6002101,10008
6002201,10004
6002301,10008
6002401,10008
6002501,10022
6002601,10008
6002701,10008
6002801,15009
6002802,15020
6002803,15004
6002901,15010
6010101,15009
6010201,15009
6010202,15020
6010203,15007
6010301,15004
6010302,15020
6010303,15003
6010304,15007
6010305,15002
6010306,15008
6010401,15003
6010402,15011
6010403,15008
6010404,15008
6010405,15007
6010501,15008
6010502,15008
6010503,15008
6010504,15008
6010505,15009
6010506,15020
6010507,15003
6010601,16003
6010701,16003
6010702,16007
6010801,16007
6010802,16007
6010803,16002
6010804,16001
6010901,15005
6011001,15008
6011002,15001
6011003,15007
6011101,16007
6011102,16002
6011103,16001
6011104,16006
6011105,16007
6011106,16007
6011201,15016
6011301,15016
6011302,15014
6011401,15015
6011402,15015
6011403,15015
6011404,15016
6011405,15016
6011406,15016
6011501,15003
6011502,15011
6011503,15009
6011504,15011
6011601,15011
6011602,15002
6011603,15004
6011604,15011
6011605,15008
6011606,15008
6011607,15020
6350001,10012
6350002,13124
6350003,10017
6350004,13124
6370001,13002
6370002,13001
6370003,11016
6370004,13002
6370005,13001
6370006,11016
6370007,10004
6380100,13101
6380101,10002
6380102,13103
6380103,10009
6380199,10022
6380200,10012
6380201,13103
6380202,10008
6380203,13101
6380204,10007
6380205,10007
6380206,900223
6380300,10022
6380301,10022
6380302,10012
6380303,10008
6380399,10022
6380400,10008
6380401,13103
6380402,10004
6380403,13102
6380404,10009
6380405,13101
6380406,13103
6380407,10012
6380500,10008
6380501,10009
6380502,13101
6380503,10002
6380504,13104
6380505,10012
6380506,10009
6380507,13104
6380508,10004
6380580,900220
6380590,10008
6380598,10022
6380599,10022
6380600,900221
6380601,13103
6380602,10004
6380603,13102
6380604,10009
6380605,13101
6380606,13103
6380607,10012
6380700,10008
6380701,10007
6380702,13102
6380703,10003
6380704,10002
6380705,10007
6380706,13103
6380707,10008
6380708,13102
6400100,13006
6400101,13006
6400102,10026
6400103,10024
6400104,13004
6400105,13006
6400200,13006
6400201,10025
6400202,10051
6400203,10025
6400204,13004
6400210,10026
6400211,13006
6400212,10052
6400213,13003
6400214,10026
6400300,900219
6400301,13005
6400302,10072
6400303,10052
6400304,10050
6400305,10026
6400306,10025
6400307,13003
6400400,900219
6400401,13005
6400402,13005
6400403,10050
6400404,13006
6400405,13003
6400410,10051
6400411,13006
6400412,10052
6400413,13004
6400414,13006
6410100,10002
6410101,10001
6410102,10004
6410103,10005
6410200,10007
6410201,10002
6410202,10017
6410203,10009
6410300,10055
6410301,10034
6410302,10034
6410303,10034
6410304,10036
6410400,10007
6410401,10004
6410402,10006
6410403,10008
6410404,10012
6410405,10002
6410406,10009
6410500,10007
6410501,10003
6410502,10009
6410503,10006
6410504,10012
6410505,10005
6410590,900217
6410599,10022
6410600,10038
6410601,10038
6410602,10037
6410603,10038
6410604,10037
6410700,10034
6410701,10034
6410702,10034
6410710,10035
6410711,10035
6410712,10040
6410800,10008
6410801,10008
6410802,10002
6410803,10009
6410804,10012
6410805,10004
6410898,10022
6410899,10022
6410900,900227
6410901,10002
6410902,10008
6411000,900227
6411001,10007
6411002,10008
6411003,10017
6411004,10007
6411005,10018
6411006,10012
6411099,10046
6411100,10008
6411101,10002
6411102,10009
6411103,10017
6411104,10001
6411200,10003
6411201,10001
6411202,10004
6411203,10007
6411204,10009
6411205,10012
6430101,13204
6430102,13204
6430103,13204
6430104,13204
6430105,900238
6430201,13207
6430202,13207
6430203,13207
6430204,13207
6430205,13209
6430206,900236
6430301,900239
6430302,13210
6430303,13208
6430304,13209
6430305,13209
6430306,13209
6430307,13210
6430308,13210
6430401,900237
6430402,13201
6430403,13203
6430404,13203
6430405,13203
6430410,13203
6430411,13203
6430412,13203
6430413,13203
6430414,13203
6430501,900234
6430502,900235
6430503,13201
6430504,13201
6430505,13203
6430506,13202
6430601,13204
6430602,13204
6430701,13207
6430702,13207
6430703,13208
6430704,13208
6430801,13210
6430802,13210
6430803,13208
6430804,13209
6430805,13209
6430901,13201
6430902,13201
6430903,13203
6430904,13203
6431001,900234
6431002,900235
6431003,13201
6431004,13201
6431005,13203
6431006,13202
6431007,900234
6431008,900235
6431101,990037
6431201,990038
6440001,10079
6440101,900253
6440102,10043
6440103,10036
6440104,10040
6440105,10080
6440106,10080
6440201,10080
6440202,10079
6440203,10079
6440204,10079
6440205,10035
6440206,10041
6440207,10043
6440301,900254
6440302,10079
6440303,10035
6440304,10043
6440305,11033
6440306,10040
6440401,10038
6440402,10038
6440403,10040
6440404,10036
6440405,10034
6440406,10036
6440501,10078
6440502,10078
6440503,10066
6440504,10034
6440505,10036
6440506,10077
6440601,10076
6440602,10035
6440701,900262
6440702,10080
6440703,10080
6440704,10081
6440705,10081
6440706,10035
6440707,10079
6440708,10081
6440801,900265
6440802,900264
6440803,10079
6440804,12072
6440805,12072
6440806,12071
6440807,10042
6440901,10036
6441001,10077
6441002,10079
6441101,900258
6441102,10076
6441103,10079
6441104,10048
6441105,10080
6441106,10080
6441107,10080
6441108,10080
6441109,10079
6441110,10079
6441111,10081
6441112,10081
6441113,10079
6441114,10081
6441115,10042
6441201,10079
6441202,10076
6441203,10048
6441204,10076
6441205,10048
6441206,10076
6441207,10048
6441208,10079
6441209,10079
6441210,10079
6441211,10079
6441212,10079
6441213,10079
6441301,900261
6441302,10048
6441303,10079
6441304,10081
6441305,11032
6441306,10079
6441307,10048
6441308,10040
6441309,10080
6441310,10079
6441311,10081
6441312,10048
6441313,10079
6441401,10038
6441402,10038
6441403,10048
6441404,10079
6441405,10079
6441406,10048
6441407,10076
6441408,10076
6441501,10080
6441502,10076
6441503,10048
6441504,10066
6441505,10041
6441506,10078
6441507,10077
6441508,10077
6441601,10048
6441602,10035
6441701,900262
6441702,10080
6441703,10080
6441704,10048
6441705,10081
6441706,10081
6441707,10077
6441708,10078
6441709,10078
6441710,10078
6441711,900272
6441801,900263
6441802,900264
6441803,10048
6441804,12068
6441805,12071
6441806,12072
6441807,12071
6441808,12067
6441809,10042
6441901,10048
6441902,10076
6460101,13214
6460102,13215
6460201,13213
6460202,13213
6460203,13214
6460301,900287
6460302,13216
6460303,13216
6460401,13211
6460402,13214
6460403,13211
6460404,13214
6460501,13213
6460502,13213
6460503,13213
6460504,13213
6460505,13213
6460506,13213
6460507,13211
6460508,13213
6460601,900287
6460602,13216
6460603,13216
6460604,13216
6460605,13216
6460606,13214
6460607,13212
6460608,13211
6460609,13212
6460610,13211
6460701,13214
6460702,13214
6460703,13214
6460704,13211
6460705,13214
6460706,13214
6460707,13214
6460708,13214
6460801,13212
6460802,13211
6460803,13213
6460804,13214
6460805,13215
6460806,13214
6460807,13213
6460808,13215
6470101,13219
6470102,13219
6470103,13219
6470104,13219
6470105,13219
6470201,10027
6470202,10051
6470203,13219
6470204,13219
6470205,10051
6470301,10027
6470302,10027
6470303,10027
6470304,10027
6470305,13219
6470306,13218
6470307,13219
6470308,13218
6470401,900283
6470402,900284
6470403,10027
6470404,10027
6470405,10027
6470406,13217
6470407,13217
6470408,13219
6470409,10024
6470410,13219
6470411,13218
6480101,10075
6480102,10075
6480103,10075
6480104,10075
6480201,900290
6480202,10079
6480203,10058
6480301,10074
6480302,10074
6480303,10074
6480304,10074
6480305,10074
6480306,10074
6480307,10074
6480308,10074
6480401,10036
6480402,10036
6480403,10036
6480404,10036
6480405,10034
6480406,10081
6480501,900291
6480502,900289
6480503,10078
6480504,10078
6480505,10076
6480601,10090
6480602,10086
6480603,10034
6480604,10087
6480701,11032
6480702,11032
6480703,11032
6480704,11032
6480705,11032
6480706,11032
6480707,11033
6480801,900292
6480802,10077
6480803,10077
6480804,10077
6480805,10041
6480806,10035
6480807,10034
6480901,10090
6480902,10086
6480903,10086
6480904,10076
6480905,10081
6480906,10087
6481001,10048
6481002,10083
6481003,10082
6481101,900291
6481102,10049
6481103,10049
6481104,10049
6481105,10049
6481106,12077
6481107,12078
6481108,12079
6481201,900294
6481202,900295
6481203,900296
6481204,12074
6481205,12074
6481206,12074
6481207,12073
6481208,12073
6481209,12073
6481210,10036
6481211,12077
6481212,12078
6481213,10055
6481301,12076
6481302,10034
6481303,10076
6481401,10090
6481402,10089
6481403,10088
6481404,10087
6481405,10086
6485201,900291
6485202,10079
6485203,10079
6485204,10079
6485205,10079
6485206,10079
6485207,10081
6485208,10034
6485209,10048
6485210,10055
6485211,10055
6485401,10076
6485402,10076
6485403,10076
6485404,10076
6485405,10076
6485406,10042
6485407,10042
6485408,10076
6485409,10076
6485410,10036
6485411,10036
6485501,900291
6485502,900289
6485503,10078
6485504,10086
6485505,10086
6485506,10086
6485507,10078
6485508,10078
6485509,10081
6485510,10081
6485511,10041
6485601,10088
6485602,10088
6485603,10088
6485604,10088
6485605,10088
6485606,10076
6485607,10076
6485608,10036
6485801,900293
6485802,10079
6485803,10079
6485804,10079
6485805,10079
6485806,10076
6485807,10088
6485808,10090
6485809,10041
6485810,10078
6485811,10076
6485812,10088
6485813,10090
6485901,10090
6485902,10090
6485903,10090
6485904,10079
6485905,10079
6485906,10079
6485907,10078
6485908,10079
6485909,10079
6485910,10086
6485911,10040
6485912,10090
6486101,900291
6486102,10049
6486103,10049
6486104,10049
6486105,10049
6486106,10049
6486107,12072
6486108,12079
6486109,10041
6486110,12075
6486111,10049
6486201,900297
6486202,900298
6486203,900299
6486204,12074
6486205,12074
6486206,12074
6486207,12073
6486208,12073
6486209,12073
6486210,12079
6486211,10048
6486212,12076
6486213,12078
6486214,12077
6486301,10087
6486302,10034
6486303,10076
6486401,10090
6486402,10089
6486403,10088
6486404,10087
6486405,10086
6510101,10090
6510102,10089
6510103,10086
6510104,10087
6510105,10034
6510106,10034
6510107,10076
6510201,10042
6510202,12071
6510203,10088
6510204,10036
6510205,10035
6510206,10081
6510207,10089
6510208,10034
6510209,10087
6510301,10087
6510302,10089
6510303,10036
6510304,10081
6510305,10090
6510306,10085
6510307,10034
6510308,10087
6511101,900262
6511102,10089
6511103,10089
6511104,10094
6511105,10036
6511106,10086
6511107,10087
6511108,10094
6511201,900319
6511202,900320
6511203,10077
6511204,10087
6511205,10076
6511206,10036
6511207,10090
6511208,10088
6511301,900323
6511302,900324
6511303,900324
6511304,10091
6511305,10092
6511306,10094
6511307,10094
6511308,10094
6511309,10091
6511310,10094
6511401,10094
6511402,10090
6511403,10036
6511404,10078
6511405,10091
6511501,900327
6511502,10094
6511503,10094
6511504,10077
6511505,10077
6511506,10086
6511507,10095
6511508,10066
6511509,10078
6511510,10094
6511511,10089
6511512,10040
6511513,10094
6512101,900262
6512102,10089
6512103,10089
6512104,10089
6512105,10089
6512106,10079
6512107,10041
6512108,10076
6512109,10078
6512110,10077
6512111,10079
6512201,900319
6512202,900321
6512203,10090
6512204,10094
6512205,10076
6512206,10048
6512207,10085
6512208,10091
6512209,10094
6512301,900323
6512302,900325
6512303,900325
6512304,10094
6512305,10092
6512306,10091
6512307,10094
6512308,10093
6512309,10091
6512310,10093
6512311,10094
6512501,900328
6512502,10092
6512503,10091
6512504,10094
6512505,10094
6512506,10066
6512507,10079
6512508,10079
6512509,10095
6512510,10078
6512511,10077
6512512,10090
6512513,10086
6512514,10095
6512515,10077
6512516,10090
6512517,10094
6513101,900262
6513102,10089
6513103,10089
6513104,10089
6513105,10089
6513106,10079
6513107,10041
6513108,10091
6513109,10078
6513110,10077
6513111,10079
6513201,900319
6513202,900322
6513203,10080
6513204,10094
6513205,10076
6513206,10088
6513207,10087
6513208,10091
6513209,10094
6513301,900323
6513302,900326
6513303,900326
6513304,10091
6513305,10094
6513306,10094
6513307,10091
6513308,10094
6513309,10092
6513310,10091
6513311,10091
6513501,900329
6513502,10094
6513503,10094
6513504,10094
6513505,10094
6513506,10066
6513507,10079
6513508,10079
6513509,10085
6513510,10077
6513511,10078
6513512,10093
6513513,10079
6513514,10078
6513515,10048
6513516,10094
6513517,10091
6519101,10092
6519102,10091
6519103,10035
6519104,10095
6519105,10088
6519106,10094
6519107,10084
6519108,10094
6519109,10088
6519110,10091
6519111,10089
6519112,10090
6519113,10092
6519114,10094
6519115,10095
6519116,10089
6519117,10076
6519118,10076
6519119,10094
6519120,10094
6519121,10036
6519122,10090
6519123,10079
6519124,10079
6519125,10091
6519126,10076
6519127,10091
6519128,10077
6519129,10079
6519130,10078
6519131,10094
6519132,10077
6519133,10092
6519134,10086
6519135,10090
6519136,10077
6519137,10080
6519138,10080
6519139,10080
6519140,10080
6519141,10081
6519142,10076
6519143,10094
6519144,10085
6519145,10095
6519146,10078
6519147,10087
6519148,10090
6519149,10077
6519150,10087
6519151,10087
6519152,10077
6519153,10087
6519154,10091
6519155,10092
6519156,10085
6519157,10087
6519158,10087
6519159,10087
6519160,10087
6519201,10088
6519202,10094
6519203,10092
6519204,10090
6519205,10076
6519206,10086
6519207,10036
6519208,10085
6519209,10076
6519210,10090
6519211,10086
6519212,10077
6519213,10091
6519214,10078
6519215,10080
6519216,10078
6519221,10079
6519222,10077
6519223,10088
6519224,10093
6519225,10087
6519226,10066
6519227,10094
6519228,10094
6519229,10076
6519230,10086
6519231,10092
6519232,10077
6519233,10076
6519241,10091
6519242,10066
6519243,10088
6519244,10086
6519245,10094
6519246,10080
6519247,10094
6519248,10077
6519249,10093
6519250,10088
6519251,10095
6519252,10089
6519253,10091
6519254,10078
6519255,10094
6519261,10094
6519262,10091
6519263,10094
6519264,10077
6519265,10088
6519301,10093
6519302,10077
6519303,10084
6519304,10090
6519305,10088
6519306,10091
6519307,10079
6519308,10079
6519309,10092
6519310,10076
6519311,10091
6519312,10077
6519313,10085
6519314,10041
6519315,10078
6519316,10092
6519317,10090
6519318,10077
6519319,10090
6519320,10088
6519321,10076
6519322,10089
6519323,10079
6519324,10086
6519325,10094
6519326,10077
6519327,10087
6519328,10095
6519329,10036
6519330,10092
6519331,10091
6519332,10087
6519333,10088
6519334,10088
6519401,10088
6519402,10094
6519403,10084
6519404,10094
6519405,10076
6519406,10091
6519407,10036
6519408,10085
6519409,10086
6519410,10090
6519411,10086
6519412,10077
6519413,10079
6519414,10036
6519415,10080
6519416,10036
6519421,10077
6519422,10076
6519423,10078
6519424,10066
6519425,10088
6519426,10090
6519427,10079
6519428,10048
6519429,10092
6519430,10087
6519431,10078
6519432,10094
6519433,10089
6519434,10079
6519441,10076
6519442,10066
6519443,10094
6519444,10095
6519445,10085
6519446,10080
6519447,10094
6519448,10077
6519449,10078
6519450,10089
6519451,10090
6519452,10091
6519453,10077
6519454,10094
6519461,10077
6519462,10090
6519463,10042
6519901,900332
6519902,900335
6519903,900330
6519904,900333
6519905,900331
6519906,900334
9120101,910126
9120104,10022
9120105,10022
9120106,10022
9120107,10022
9120108,10022
9120109,10022
9120110,10021
9120111,11007
9120112,10022
9120113,11012
9120114,11012
9120115,900036
9120116,11003
9120201,900148
9120202,12057
9120203,10041
9120204,10048
9120205,10056
9120206,10057
9120207,10040
9120208,10041
9120209,10040
9120210,10043
9120211,10055
9120212,10043
9120301,10055
9120302,10058
9120303,10058
9120304,10058
9120305,10058
9120401,900195
9120402,900167
9120403,10068
9120404,10068
9120405,10067
9120406,10067
9120407,10068
9120408,10068
9120409,10068
9120410,10067
9120501,900127
9120502,10055
9120503,10055
9120504,10056
9120505,10040
9120506,10040
9120507,10040
9120508,10057
9120509,10057
9120510,10057
9120511,10057
9120512,10057
9120601,12053
9120602,11028
9120603,11028
9120604,12052
9120605,12052
9120606,12050
9120607,12050
9120608,12051
9120609,12051
9120610,11025
9120611,11025
9120612,10047
9120613,10047
9120614,10047
9120615,10052
9120616,11028
9120617,11025
9120701,10047
9120702,10031
9120703,10047
9120704,10031
9120705,10047
9120706,10031
9120707,11025
9120708,11025
9120709,12052
9120710,12052
9120711,12051
9120712,12051
9120713,12051
9120714,10047
9120715,10031
9120801,10048
9120802,10057
9120803,10040
9120804,10043
9120805,10040
9120806,10040
9120901,900125
9120902,10055
9120903,10040
9120904,10040
9120905,10048
9121001,11001
9121002,10022
9121003,10022
9121004,11011
9121005,11005
9121006,11002
9121007,11003
9121008,11008
9121009,11017
9130101,11025
9130102,10031
9130103,10031
9130104,10031
9130105,10031
9130106,10031
9130107,12051
9130108,10027
9130109,10071
9130110,11026
9130111,10027
9130112,10033
9130113,11025
9130114,12054
9130115,11026
9130116,11025
9130201,12052
9130202,12054
9130203,10071
9130204,11026
9130205,12050
9130206,12054
9130207,12051
9130208,11026
9130209,12050
9130301,900215
9130302,10047
9130303,10047
9130304,10047
9130305,10047
9130306,12052
9130307,12051
9130308,12054
9130309,11028
9130310,11026
9130311,12052
9130312,12054
9130313,12050
9130314,11028
9130315,11025
9130316,11024
9130317,900217
9130318,900217
9130319,900217
9130401,11016
9130402,11007
9130403,10046
9130404,10046
9130405,10046
9130406,11012
9130407,11005
9130408,900026
9130409,11004
9130410,11002
9130411,11005
9130412,11008
9130413,11001
9130414,11002
9130415,11003
9130416,11002
9130417,11001
9130418,11004
9130419,11005
9130420,11003
9130421,11005
9130422,900026
9130423,11004
9130424,10021
9130425,11002
9130501,900215
9130502,900215
9130503,900215
9130504,900215
9130601,900216
9130701,900200
9130702,900200
9130703,900200
9130704,900200
9130705,900200
9130706,900200
9130707,900200
9130708,900200
9130709,900200
9130710,900200
9130801,10021
9130802,11016
9130803,900026
9130804,11018
9130805,900026
9130806,11016
9130807,11011
9130808,11007
9130809,11008
9130810,11005
9130811,11012
9130812,11018
9130813,900026
9130814,900026
9130901,900202
9130902,10021
9130903,10022
9130904,10022
9130905,11006
9130906,11012
9130907,11006
9130908,900032
9130909,11007
9131001,12051
9131002,12052
9131003,12051
9131004,10071
9131005,11026
9131006,11028
9131007,12051
9131008,11025
9131009,12054
9131010,12050
9131011,12052
9410101,11007
9410102,11017
9410103,11001
9410104,11008
9410105,11006
9410106,10022
9410107,11003
9410108,11008
9410109,11014
9410110,900032
9410111,11003
9410201,900117
9410202,12057
9410203,10055
9410204,10040
9410205,10041
9410206,11005
9410207,11007
9410208,11008
9410209,11008
9410210,11005
9410211,900227
9410212,11002
9410213,11006
9410214,11012
9410215,10068
9410216,10068
9410217,10068
9410218,900051
9410219,11008
9410220,11005
9410221,11002
9410222,900227
9410223,11006
9410224,900032
9410225,11008
9410226,12055
9410227,10056
9410228,10041
9410229,10057
9410230,10043
9410231,11003
9410232,11007
9410233,11008
9410234,11017
9410235,900032
9410236,900032
9410237,10057
9410238,10040
9410239,10045
9410240,10056
9410241,10055
9410242,11008
9410301,900230
9410302,11006
9410303,11012
9410304,11017
9410305,11006
9410306,11012
9410307,11017
9410308,900080
9410309,900079
9410310,900231
9410311,11031
9410312,11031
9410313,11030
9410314,11006
9410315,11003
9410316,900231
9410317,900230
9410318,900032
9410319,11018
9410320,11030
9410321,900079
9410322,11003
9410323,900167
9410324,10067
9410325,10038
9410326,10067
9410327,10068
9410328,10038
9410329,10067
9410330,10022
9410331,12058
9411201,13002
9411202,13002
9411203,13002
9411204,10066
9411205,10022
9411206,900230
9411207,13002
9411208,13002
9411209,10003
9411210,10070
9411211,13002
9411212,13002
9411213,13002
9411214,13002
9411215,13002
9411216,13002
9411301,10003
9411302,10002
9411303,10005
9411304,10006
9411305,10012
9411306,10008
9411307,900027
9411308,10014
9411309,900027
9411310,10006
9411311,10008
9411312,10017
9411313,10005
9411314,11014
9411315,900025
9411316,900025
9411317,11007
9411318,11006
9411319,11008
9411320,11012
9411321,11017
9411322,11007
9411323,11008
9411324,11017
9411325,900025
9411326,11014
9411327,11031
9411328,900025
9411329,900231
9411401,900233
9411402,900233
9411403,900233
9411404,900233
9411405,900233
9411406,900233
9411407,11008
9411408,900032
9411409,11030
9411410,10021
9411411,11008
9411412,11002
9411413,11008
9411414,11105
9411415,900032
9411416,900032
9411417,900032
9411418,11008
9411419,11002
9411420,11031
9411421,900232
9411422,900232
9411423,11032
9411424,11033
9411425,11033
9411426,11032
9411427,11033
9411428,11033
9411429,11033
9411430,11032
9411431,11008
9411432,900032
41030101,10003
41030102,10003
41030103,10018
41030104,10003
41030105,10003
41030201,900224
41030202,900225
41030203,10001
41030204,10008
41030205,10012
41030301,900224
41030302,900225
41030303,10001
41030304,10008
41030305,10012
41030401,900224
41030402,900225
41030403,10009
41030404,10005
41030405,10008
41030501,10029
41030502,10029
41030503,10021
41030504,900032
41030505,10022
41030601,10036
41030602,10035
41030603,10034
41030604,900226
41030605,900226
41030606,900226
41030701,10056
41030702,10036
41030703,10057
41030704,10035
41030801,10037
41030802,10037
41030803,10037
41030804,900226
41030805,900226
41030806,900226
41030901,10006
41030902,10008
41030903,900032
41030904,11001
41031001,11008
41031002,10021
41031003,10009
41031004,10001
41031101,10012
41031102,10004
41031103,10008
41050101,11033
41050102,11033
41050103,11033
41050104,11032
41050201,11033
41050202,11033
41050203,11033
41050204,11033
41050205,11033
41050301,11033
41050302,11033
41050303,11033
41050304,11033
41050401,910130
41050402,910129
41050403,910131
41051101,11033
41051102,11033
41051103,11033
43130001,900244
43130002,13201
43130003,13201
43130004,13202
43130005,13201
43130006,13202
43130007,13202
43130008,13201
43130009,13205
43130010,13205
43130011,13206
43130012,13206
43130013,13204
43130014,13204
43130015,13205
43130016,13203
43130017,13203
43130018,13203
43140004,13202
43140005,13203
43140006,13203
43140007,13203
43140008,13201
43140009,13209
43140010,13208
43140011,13207
43140012,13208
43140013,13209
43140014,13207
43140015,13207
43140016,13208
43140017,900250
43140018,900246
43140019,900246
43140020,900250
43150001,13209
43150002,13208
43150003,13208
43150004,13209
43150005,13208
43150006,13207
43150007,13210
43150008,13207
43150009,13210
43150010,900245
43150011,13201
43150012,13201
43150013,13203
43150014,13203
43150015,13201
43150016,13202
43150017,13203
43150018,13202
43150019,13203
43160001,900243
43160003,13203
43160004,13203
43160005,13202
43160006,13201
43160007,13202
43160008,13203
43160009,13203
43160010,13203
43160011,13210
43160012,13210
43160013,13201
43170001,900240
43170002,900245
43170003,13210
43170004,13209
43170005,13208
43170006,13208
43170007,13207
43170008,13208
44340002,10075
44340003,10074
44340004,10074
44340005,10075
44340006,10075
44340007,10074
44340008,10074
44340009,10074
44350002,10075
44350003,10074
44350004,10075
44350005,10074
44350006,10074
44350007,10075
44350008,10075
44350009,10074
44350010,10074
44350011,10075
44360002,10075
44360003,10075
44360004,10075
44360005,10075
44360006,10075
44360007,10075
44370002,10076
44370003,10034
44370004,10034
44370005,10035
44370006,10076
44370007,10035
44370008,10076
44370009,10076
44370010,10034
44370011,10076
44370012,10076
44370013,10035
44370014,10034
44370015,10076
44380003,10034
44380004,10034
44380005,10035
44380006,10076
44380007,10035
44380008,900279
44380009,10076
44390002,10076
44390003,900281
44390004,10034
44390005,10035
44390006,10076
44390007,10034
44390008,10035
44390009,10034
44390010,10076
44400003,900280
44400004,10034
44400005,10076
44400006,10076
44400007,10076
44400008,10076
44400009,10076
44400010,10076
44400011,10034
44400012,10076
44400013,10035
44400014,10034
44400015,10034
44400016,10076
44400017,10034
44400018,10076
44410003,900279
44410004,10076
44410005,10076
44410006,10034
44410007,10035
44410008,10034
44410009,10034
44410010,10076
44430002,10076
44430003,10076
44430004,10034
44430005,10076
44430006,10076
44430007,10034
44430008,10034
44430009,10076
44430010,10034
44430011,10034
44440001,10081
44440002,10079
44440003,10078
44440004,10081
44440005,10043
44440006,10043
44440007,10043
44440008,10043
44440009,900278
44440010,10042
44440011,10042
44440012,10042
44440013,10080
44440014,10077
44440015,10078
44440016,10077
44440017,10043
44440018,10078
44440019,900277
44440020,10079
44440021,10041
44440022,10043
44440023,10078
44440024,10080
44440025,10043
44440026,10076
44440027,10043
44440028,10043
44440029,10079
44440030,10041
44440031,10079
44440032,10081
44440033,10081
44440034,10078
44440035,10081
44440036,10079
44440037,10078
44440038,10081
44440039,10043
44440040,10042
44440041,10042
44440042,10042
44440043,10081
44440044,10043
44440045,10043
44440046,10043
44440047,10076
44440048,10076
44440049,10076
44540002,10076
44540003,10076
44540004,10034
44540005,10035
44540006,10076
44540007,10034
44540008,10034
44540009,10076
44540010,10034
44540011,10034
45010001,900126
45010002,10041
45010003,10040
45010004,10081
45010005,10079
45010006,10042
45010007,10034
45010008,10034
45010009,10034
45010010,10034
45010011,10034
45010012,10043
45010013,10043
45010014,10043
45010015,10043
45010016,10043
45010017,10043
45010018,10043
45010019,10043
45010020,10043
45010021,10043
45010022,10043
45010023,10043
45010024,10043
45010025,10043
45010026,10043
45010027,10043
45010028,10043
45010029,10043
45010030,10081
45010031,10079
45010032,10079
45010033,10043
45010034,10043
45010035,10081
45010036,10081
45010037,10079
45010038,10043
45010039,10043
45010040,10043
45010041,10081
45010042,10079
45010043,10043
45010044,10043
45010045,10043
45010046,10043
45010047,10042
45010048,10042
45010049,10042
45010050,10043
45010051,10043
45010052,10043
45010053,10043
45010054,10043
45010055,10043
45010056,10043
45010057,10043
45010058,10043
45010059,10043
45010060,10043
45010061,10043
45010062,10043
45010063,10034
45010064,10043
45010065,10043
45010066,10043
45010067,10034
45010068,10034
45010069,10043
45010070,10043
45010071,10043
45010072,10034
45010073,10043
45010074,10042
45010075,10042
45010076,10042
45010077,10042
45010078,10043
45010079,10043
45010080,10043
45010081,10043
45010082,10081
45010083,10034
45010084,10080
45010085,10080
45010086,10080
45010087,10080
45010088,10040
45010089,10076
45010090,10078
45010091,10043
