id,code,maxlife,pow,hit,dodge,range,speed,number,angle,armor_piercing,armor,shield,rate,boss_hp,def,def_break,debuff_resistance,level,,,,,,,,,,,,,,,,,
9999,,0,0,0,0,0,0,0,0,0,0,0,0,0,0,0,0,1,,,,,,,,,,,,,,,,,
10000,SangvisFerri,0,0,0,0,0,0,0,0,0,0,0,0,0,99999,0,0,100,,,,,,,,,,,,,,,,,
10001,Prowler,397,11,23,15,4,30,1,180,0,0,0,30,0,99999,0,0,100,,,,,,,,,,,,,,,,,
10002,Scouts,829,11,23,80,4,50,1,180,0,0,0,40,0,99999,0,0,100,,,,,,,,,,,,,,,,,
10003,Dinergate,65,84,140,0,3,45,1,180,0,0,0,40,0,99999,0,0,100,,,,,,,,,,,,,,,,,
10004,Ripper,794,21,23,15,5,30,1,180,0,0,0,40,0,99999,0,0,100,,,,,,,,,,,,,,,,,
10005,Vespid,397,42,23,15,6,35,1,180,0,0,0,40,0,99999,0,0,100,,,,,,,,,,,,,,,,,
10006,Jaeger,397,42,140,15,7,35,1,180,0,0,0,20,0,99999,0,0,100,,,,,,,,,,,,,,,,,
10007,Guard,2269,11,23,0,3,30,1,180,0,0,0,40,0,99999,0,0,100,,,,,,,,,,,,,,,,,
10008,Dragoon,1588,42,140,15,4,50,1,180,0,0,0,40,0,99999,0,0,100,,,,,,,,,,,,,,,,,
10009,Jaguar,794,168,350,15,20,35,1,180,0,0,0,350,0,99999,0,0,100,,,,,,,,,,,,,,,,,
10011,Aegis,1512,11,23,0,3,35,1,180,0,90,0,40,0,99999,0,0,100,,,,,,,,,,,,,,,,,
10012,Striker,567,21,20,5,7,20,1,180,0,0,0,100,0,99999,0,0,100,,,,,,,,,,,,,,,,,
10014,Nemeum,567,42,16,0,5,30,1,180,0,90,0,40,0,99999,0,0,100,,,,,,,,,,,,,,,,,
10015,Aegis,1550,11,18,0,3,35,1,180,0,90,0,40,0,99999,0,0,100,,,,,,,,,,,,,,,,,
10016,Nemeum,567,84,60,0,7,30,1,180,0,90,0,15,0,99999,0,0,100,,,,,,,,,,,,,,,,,
10017,Brute,472,63,10,15,3,80,1,180,80,0,0,40,0,99999,0,0,100,,,,,,,,,,,,,,,,,
10018,Tarantula,65,84,140,0,3,45,1,180,0,90,0,40,0,99999,0,0,100,,,,,,,,,,,,,,,,,
10019,Jaeger,397,42,140,15,6,35,1,180,0,0,0,20,0,99999,0,0,100,,,,,,,,,,,,,,,,,
10020,Nemeum,567,84,60,0,6,30,1,180,0,90,0,15,0,99999,0,0,100,,,,,,,,,,,,,,,,,
10021,Golyat,15000,1000,10000,0,1,40,1,180,0,0,0,150,0,99999,0,0,100,,,,,,,,,,,,,,,,,
10022,GolyatPlus,150000,1000,10000,0,1,40,1,180,0,0,0,150,0,99999,0,0,100,,,,,,,,,,,,,,,,,
10023,Golyat,1500,1000,10000,0,1,40,1,180,0,0,0,150,0,99999,0,0,100,,,,,,,,,,,,,,,,,
10024,Cyclops,476,13,23,15,6,30,1,180,0,0,0,30,0,99999,0,0,100,,,,,,,,,,,,,,,,,
10025,Cyclops_SG,595,11,23,15,4,30,1,180,0,0,0,30,0,99999,0,0,100,,,,,,,,,,,,,,,,,
10026,Cerynitis,680,126,60,0,6,30,1,180,0,90,0,30,0,99999,0,0,100,,,,,,,,,,,,,,,,,
10027,Hydra,9000,280,55,0,4,20,1,180,0,199,0,42,0,99999,0,0,100,,,,,,,,,,,,,,,,,
10028,Aegis_GA,2325,11,18,0,3,35,1,180,0,90,0,40,0,99999,0,0,100,,,,,,,,,,,,,,,,,
10029,unknown,924,21,23,15,2,20,1,180,0,0,0,40,0,99999,0,0,100,,,,,,,,,,,,,,,,,
10030,Typhon,18000,100,350,0,20,35,1,180,0,90,0,350,0,99999,0,0,10100,,,,,,,,,,,,,,,,,
10031,Typhon,18000,100,350,0,20,35,1,180,0,90,0,350,0,99999,0,0,10100,,,,,,,,,,,,,,,,,
10032,Typhon,18000,100,350,0,20,35,1,180,0,90,0,350,0,99999,0,0,10100,,,,,,,,,,,,,,,,,
10033,Dactyl,800,100,100,0,20,40,1,180,0,20,0,150,0,99999,0,0,100,,,,,,,,,,,,,,,,,
10034,Strelet,1050,12,20,15,6,35,1,180,0,0,0,40,0,99999,0,0,100,,,,,,,,,,,,,,,,,
10035,Rodelero,5600,25,40,20,7,35,1,180,0,40,0,15,0,300,0,0,100,,,,,,,,,,,,,,,,,
10036,Doppelsoldner,9200,18,36,0,6,20,1,180,0,90,0,35,0,500,0,0,100,,,,,,,,,,,,,,,,,
10037,Zombie2,720,26,30,13,5,30,1,180,0,0,0,30,0,99999,0,0,100,,,,,,,,,,,,,,,,,
10038,Zombie1,1260,7,60,3,3,30,1,180,0,0,0,90,0,99999,0,0,100,,,,,,,,,,,,,,,,,
10039,Uhlan,8200,48,90,0,7,35,1,180,0,90,0,30,0,600,0,0,100,,,,,,,,,,,,,,,,,
10040,Rodelero,3500,27,40,15,7,35,1,180,0,40,0,15,0,600,0,0,100,,,,,,,,,,,,,,,,,
10041,Doppelsoldner,9800,12,36,10,6,20,1,180,0,150,0,30,0,2250,0,0,100,,,,,,,,,,,,,,,,,
10042,Uhlan,28000,35,90,10,7,35,1,180,0,150,0,30,0,3750,0,0,100,,,,,,,,,,,,,,,,,
10043,Strelet,950,8,15,35,5,30,1,180,0,0,0,40,0,500,0,0,100,,,,,,,,,,,,,,,,,
10044,Dragoon_SWAP,1588,42,140,15,4,50,1,180,0,0,0,40,0,99999,0,0,30100,,,,,,,,,,,,,,,,,
10045,Doppelsoldner,9800,12,36,10,6,20,1,180,0,150,0,30,0,2250,0,0,100,,,,,,,,,,,,,,,,,
10046,Manticore,12000,120,55,0,5,30,1,180,0,60,0,42,0,99999,0,0,100,,,,,,,,,,,,,,,,,
10047,Hydra,15000,350,55,0,4,20,1,180,0,199,0,42,0,99999,0,0,100,,,,,,,,,,,,,,,,,
10048,Doppelsoldner,15000,18,36,10,6,20,1,180,0,150,0,30,0,2250,0,0,100,,,,,,,,,,,,,,,,,
10049,Uhlan,40000,50,90,10,7,35,1,180,0,150,0,30,0,3750,0,0,100,,,,,,,,,,,,,,,,,
10050,TeslaTrooper,22000,46,46,10,2,30,1,180,0,150,0,20,0,99999,0,0,30100,,,,,,,,,,,,,,,,,
10051,Beast,3200,36,140,18,3,100,1,180,30,0,0,45,0,99999,0,0,30100,,,,,,,,,,,,,,,,,
10052,Archer,1050,26,50,50,10,30,1,180,30,0,0,36,0,99999,0,0,30100,,,,,,,,,,,,,,,,,
10053,RecceCentre,35000,10,15,10,15,0,1,180,0,150,0,25,0,99999,0,0,30100,,,,,,,,,,,,,,,,,
10054,Pathfinder,180,10,150,150,3,18,1,180,0,45,0,50,0,99999,0,0,30100,,,,,,,,,,,,,,,,,
10055,Roarer,26000,46,46,8,3,30,1,180,0,60,0,24,0,6000,0,0,30100,,,,,,,,,,,,,,,,,
10056,Thunder,36000,60,140,50,9,30,1,180,0,90,0,40,0,5000,0,0,30100,,,,,,,,,,,,,,,,,
10057,StreletPlus,1350,46,46,50,7,25,1,180,0,0,0,30,0,1500,0,0,30100,,,,,,,,,,,,,,,,,
10058,Isomer,2000,10,10,50,20,25,1,180,0,0,0,50,0,99999,0,0,30100,,,,,,,,,,,,,,,,,
10059,GustafL_1,15000,35,55,0,18,0,1,180,20,30,0,20,0,99999,0,0,30100,,,,,,,,,,,,,,,,,
10061,GustafR_1,15000,35,55,0,18,0,1,180,20,30,0,20,0,99999,0,0,30100,,,,,,,,,,,,,,,,,
10062,GustafL_2,11500,30,20,0,18,0,1,180,20,30,0,50,0,99999,0,0,30100,,,,,,,,,,,,,,,,,
10063,GustafR_2,11500,30,20,0,18,0,1,180,20,30,0,50,0,99999,0,0,30100,,,,,,,,,,,,,,,,,
10064,GustafL_3,13500,35,55,0,18,0,1,180,20,30,0,50,0,99999,0,0,30100,,,,,,,,,,,,,,,,,
10065,GustafR_3,13500,35,55,0,18,0,1,180,20,30,0,50,0,99999,0,0,30100,,,,,,,,,,,,,,,,,
10066,Pyxis,22000,46,46,0,15,0,1,180,0,30,0,80,0,99999,0,0,30100,,,,,,,,,,,,,,,,,
10067,Zombie2,1680,30,32,17,5,30,1,180,0,0,0,30,0,99999,0,0,100,,,,,,,,,,,,,,,,,
10068,Zombie1,2940,8,61,5,3,30,1,180,0,0,0,90,0,99999,0,0,100,,,,,,,,,,,,,,,,,
10070,Dinergate_chm1,65,84,140,0,3,45,1,180,0,0,0,40,0,99999,0,0,100,,,,,,,,,,,,,,,,,
10071,Kratos,32000,80,90,5,3,28,1,180,0,90,0,35,0,99999,0,0,100,,,,,,,,,,,,,,,,,
10072,Acheron,3000,20,20,20,20,0,1,180,0,30,0,20,0,99999,0,0,100,,,,,,,,,,,,,,,,,
10073,Coeus,16000,60,140,15,20,35,1,180,0,60,0,35,0,99999,0,0,100,,,,,,,,,,,,,,,,,
11001,Prowler_SWAP,360,12,46,32,5,40,1,180,0,0,0,36,0,99999,0,0,30100,,,,,,,,,,,,,,,,,
11002,Scouts,960,12,28,80,5,50,1,180,0,0,0,24,0,99999,0,0,30100,,,,,,,,,,,,,,,,,
11003,Dinergate,65,84,140,0,3,60,1,180,0,0,0,24,0,99999,0,0,30100,,,,,,,,,,,,,,,,,
11004,Ripper,1140,12,46,50,5,40,1,180,0,0,0,36,0,99999,0,0,30100,,,,,,,,,,,,,,,,,
11005,Vespid,960,22,70,32,7,40,1,180,0,0,0,24,0,99999,0,0,30100,,,,,,,,,,,,,,,,,
11006,Jaeger_SWAP,600,46,140,18,9,30,1,180,35,0,0,18,0,99999,0,0,30100,,,,,,,,,,,,,,,,,
11007,Guard_SWAP,2535,12,28,8,3,30,1,180,0,0,0,24,0,99999,0,0,30100,,,,,,,,,,,,,,,,,
11008,Dragoon_SWAP,1500,26,140,18,20,60,1,180,0,0,0,28,0,99999,0,0,30100,,,,,,,,,,,,,,,,,
11011,Aegis_SWAP,2305,12,28,0,3,30,1,180,35,145,0,28,0,99999,0,0,30100,,,,,,,,,,,,,,,,,
11012,Striker_SWAP,1140,26,28,18,7,35,1,180,35,0,0,80,0,99999,0,0,30100,,,,,,,,,,,,,,,,,
11014,Nemeum,680,42,16,0,5,30,1,180,0,90,0,24,0,99999,0,0,30100,,,,,,,,,,,,,,,,,
11015,Aegis,1920,12,28,0,3,30,1,180,35,145,0,28,0,99999,0,0,30100,,,,,,,,,,,,,,,,,
11016,Nemeum,1320,46,140,0,7,35,1,180,50,60,0,18,0,99999,0,0,30100,,,,,,,,,,,,,,,,,
11017,Brute,960,58,70,18,3,50,1,180,35,0,0,18,0,99999,0,0,30100,,,,,,,,,,,,,,,,,
11018,Tarantula,65,84,140,0,3,60,1,180,0,100,0,24,0,99999,0,0,30100,,,,,,,,,,,,,,,,,
11024,Cyclops,1140,22,46,32,5,50,1,180,0,0,0,28,0,99999,0,0,30100,,,,,,,,,,,,,,,,,
11025,Cyclops_SG,1320,12,28,8,3,30,1,180,0,50,0,18,0,99999,0,0,30100,,,,,,,,,,,,,,,,,
11026,Cerynitis,1320,58,140,0,7,35,1,180,50,60,0,18,0,99999,0,0,30100,,,,,,,,,,,,,,,,,
11028,Aegis_GA,1440,16,28,0,3,40,1,180,35,145,0,28,0,99999,0,0,30100,,,,,,,,,,,,,,,,,
11029,unknown,1140,12,46,32,2,20,1,180,0,0,0,24,0,99999,0,0,30100,,,,,,,,,,,,,,,,,
11030,Brute_SWAP,1150,58,70,18,3,50,1,180,40,0,0,36,0,99999,0,0,30100,,,,,,,,,,,,,,,,,
11031,Nemeum_SWAP2,1520,42,180,0,7,35,1,180,20,60,0,24,0,99999,0,0,30100,,,,,,,,,,,,,,,,,
11032,refugee_hg,1140,18,46,40,5,50,1,180,0,0,0,35,0,99999,0,0,30100,,,,,,,,,,,,,,,,,
11033,refugee_smg,1680,26,32,35,5,40,1,180,0,0,0,70,0,99999,0,0,30100,,,,,,,,,,,,,,,,,
11034,Dragoon_SWAP,1588,42,140,15,4,50,1,180,0,0,0,40,0,99999,0,0,100,,,,,,,,,,,,,,,,,
11104,Ripper_SWAP,1140,12,46,50,5,40,1,180,0,0,0,36,0,99999,0,0,30100,,,,,,,,,,,,,,,,,
11105,Vespid_SWAP,960,22,70,32,7,40,1,180,0,0,0,24,0,99999,0,0,30100,,,,,,,,,,,,,,,,,
12050,TeslaTrooper,19000,46,46,5,2,30,1,180,0,150,0,20,0,99999,0,0,30100,,,,,,,,,,,,,,,,,
12051,Beast,2800,36,140,10,3,100,1,180,30,0,0,45,0,99999,0,0,30100,,,,,,,,,,,,,,,,,
12052,Archer,1100,26,50,30,10,30,1,180,30,0,0,36,0,99999,0,0,30100,,,,,,,,,,,,,,,,,
12053,RecceCentre,25000,10,6,4,15,0,1,180,0,150,0,20,0,99999,0,0,30100,,,,,,,,,,,,,,,,,
12054,Pathfinder,130,10,150,60,3,18,1,180,0,45,0,40,0,99999,0,0,30100,,,,,,,,,,,,,,,,,
12055,Roarer,22000,46,46,4,3,30,1,180,0,60,0,24,0,6000,0,0,30100,,,,,,,,,,,,,,,,,
12056,Thunder,28000,60,140,10,9,30,1,180,0,90,0,40,0,5000,0,0,30100,,,,,,,,,,,,,,,,,
12057,StreletPlus,1150,46,46,20,7,25,1,180,0,0,0,30,0,1500,0,0,30100,,,,,,,,,,,,,,,,,
12058,Isomer,2000,10,10,50,20,25,1,180,0,0,0,50,0,99999,0,0,30100,,,,,,,,,,,,,,,,,
12059,GustafL_1,57500,55,100,0,18,0,1,180,25,40,0,35,0,99999,0,0,30100,,,,,,,,,,,,,,,,,
12061,GustafR_1,57500,55,100,0,18,0,1,180,25,40,0,35,0,99999,0,0,30100,,,,,,,,,,,,,,,,,
12062,GustafL_2,45000,40,30,0,18,0,1,180,25,40,0,50,0,99999,0,0,30100,,,,,,,,,,,,,,,,,
12063,GustafR_2,45000,40,30,0,18,0,1,180,25,40,0,50,0,99999,0,0,30100,,,,,,,,,,,,,,,,,
12064,GustafL_3,50000,55,100,0,18,0,1,180,25,40,0,50,0,99999,0,0,30100,,,,,,,,,,,,,,,,,
12065,GustafR_3,50000,55,100,0,18,0,1,180,25,40,0,50,0,99999,0,0,30100,,,,,,,,,,,,,,,,,
12066,Pyxis,16000,46,46,0,15,0,1,180,0,30,0,80,0,99999,0,0,30100,,,,,,,,,,,,,,,,,
13001,Vespid_bride,960,22,70,32,7,40,1,180,0,0,0,24,0,99999,0,0,30100,,,,,,,,,,,,,,,,,
13002,Brute_Ghost,1150,58,70,18,3,50,1,180,40,0,0,36,0,99999,0,0,30100,,,,,,,,,,,,,,,,,
13003,Hydra_beach,9000,280,55,0,4,20,1,180,0,199,0,42,0,99999,0,0,100,,,,,,,,,,,,,,,,,
13004,landmine_beach,800,100,100,0,20,40,1,180,0,20,0,150,0,99999,0,0,100,,,,,,,,,,,,,,,,,
13005,RecceCentre_beach,35000,10,15,10,15,0,1,180,0,150,0,25,0,99999,0,0,30100,,,,,,,,,,,,,,,,,
13006,Pathfinder_beach,180,10,150,150,3,18,1,180,0,45,0,50,0,99999,0,0,30100,,,,,,,,,,,,,,,,,
13101,Cocktail,2940,8,61,5,6,30,1,180,0,0,0,90,0,99999,0,0,100,,,,,,,,,,,,,,,,,
13102,Cottoncaper,1140,12,46,50,5,40,1,180,0,0,0,36,0,99999,0,0,30100,,,,,,,,,,,,,,,,,
13103,Hiresniper,600,46,140,18,9,30,1,180,35,0,0,18,0,99999,0,0,30100,,,,,,,,,,,,,,,,,
13104,Swordsman,960,58,70,18,3,50,1,180,35,0,0,18,0,99999,0,0,30100,,,,,,,,,,,,,,,,,
13105,WorkBench,40000,0,0,0,0,0,1,0,0,0,0,0,0,99999,0,0,100,,,,,,,,,,,,,,,,,
13106,Drone,5000,0,0,10,0,0,1,0,0,0,0,0,0,99999,0,0,100,,,,,,,,,,,,,,,,,
13107,Drone,10000,0,0,16,0,0,1,0,0,0,0,0,0,99999,0,0,100,,,,,,,,,,,,,,,,,
13108,Drone,20000,0,0,26,0,0,1,0,0,0,0,0,0,99999,0,0,100,,,,,,,,,,,,,,,,,
13109,Drone,40000,0,0,42,0,0,1,0,0,0,0,0,0,99999,0,0,100,,,,,,,,,,,,,,,,,
13110,Drone,100000,0,0,60,0,0,1,0,0,0,0,0,0,99999,0,0,100,,,,,,,,,,,,,,,,,
13111,Aegis_Halloween,1550,11,18,0,3,35,1,180,0,90,0,40,0,99999,0,0,100,,,,,,,,,,,,,,,,,
13112,Nemeum_Halloween,567,84,60,0,7,30,1,180,0,90,0,15,0,99999,0,0,100,,,,,,,,,,,,,,,,,
13113,Drone,1000,0,0,23,0,0,1,0,0,0,0,0,0,99999,0,0,100,,,,,,,,,,,,,,,,,
13114,Drone,10000,0,0,23,0,0,1,0,0,0,0,0,0,99999,0,0,100,,,,,,,,,,,,,,,,,
13115,Drone,100000,0,0,23,0,0,1,0,0,0,0,0,0,99999,0,0,100,,,,,,,,,,,,,,,,,
13116,Drone,1000000,0,0,23,0,0,1,0,0,0,0,0,0,99999,0,0,100,,,,,,,,,,,,,,,,,
13117,Ripper_Halloween,794,21,23,15,5,30,1,180,0,0,0,36,0,99999,0,0,30100,,,,,,,,,,,,,,,,,
13118,Jaeger_Halloween,397,42,140,15,7,35,1,180,35,0,0,18,0,99999,0,0,30100,,,,,,,,,,,,,,,,,
13119,Dragon_Halloween,1588,42,140,15,4,50,1,180,0,0,0,28,0,99999,0,0,30100,,,,,,,,,,,,,,,,,
13120,Ripper_Halloween,1350,15,46,60,5,40,1,180,0,0,0,36,0,99999,0,0,30100,,,,,,,,,,,,,,,,,
13121,Jaeger_Halloween,720,52,140,18,9,30,1,180,35,0,0,18,0,99999,0,0,30100,,,,,,,,,,,,,,,,,
13122,Dragon_Halloween,1750,42,140,18,4,60,1,180,0,0,0,28,0,99999,0,0,30100,,,,,,,,,,,,,,,,,
13123,Dinergate_chm2,65,84,140,0,3,45,1,180,0,0,0,40,0,99999,0,0,100,,,,,,,,,,,,,,,,,
13124,Guard_chm,2269,11,23,0,3,30,1,180,0,0,0,40,0,99999,0,0,100,,,,,,,,,,,,,,,,,
13201,DivMauler,3200,18,140,5,3,30,1,180,0,0,0,50,0,99999,0,0,30100,,,,,,,,,,,,,,,,,
13202,DivGrenadier,1140,22,46,42,7,50,1,180,0,0,0,40,0,99999,0,0,30100,,,,,,,,,,,,,,,,,
13203,DivSweeper,26000,28,140,18,5,30,1,180,0,0,0,50,0,99999,0,0,30100,,,,,,,,,,,,,,,,,
13204,DivRunner,960,52,30,12,3,60,1,180,0,0,0,30,0,99999,0,0,30100,,,,,,,,,,,,,,,,,
13205,DivGuard,19200,46,80,18,5,30,1,180,60,0,0,40,0,99999,0,0,30100,,,,,,,,,,,,,,,,,
13206,DivExecutor,1260,36,60,18,7,40,1,180,0,0,0,50,0,99999,0,0,30100,,,,,,,,,,,,,,,,,
13207,DivRifleman,720,58,140,26,8,30,1,180,90,0,0,25,0,99999,0,0,30100,,,,,,,,,,,,,,,,,
13208,DivScout,1460,26,46,60,3,50,1,180,0,0,0,50,0,99999,0,0,30100,,,,,,,,,,,,,,,,,
13209,DivEngineer,22000,42,70,26,5,30,1,180,0,0,0,40,0,99999,0,0,30100,,,,,,,,,,,,,,,,,
13210,DivTraitor,27600,58,140,90,7,50,1,180,90,0,0,50,0,99999,0,0,30100,,,,,,,,,,,,,,,,,
13211,Dropkick_MeleeDevil,1550,11,18,0,3,35,1,180,0,345,0,40,0,99999,0,0,100,,,,,,,,,,,,,,,,,
13212,Dropkick_RemoteDevil,567,84,60,0,7,30,1,180,0,345,0,15,0,99999,0,0,100,,,,,,,,,,,,,,,,,
13213,Dropkick_IceGhost,1150,58,70,18,7,50,1,180,40,0,0,36,0,99999,0,0,30100,,,,,,,,,,,,,,,,,
13214,Dropkick_CyclopsChan,960,52,30,60,3,60,1,180,0,0,0,30,0,99999,0,0,30100,,,,,,,,,,,,,,,,,
13215,Dropkick_BeansEmissary,1350,22,46,42,7,50,1,180,0,0,0,40,0,99999,0,0,30100,,,,,,,,,,,,,,,,,
13216,Dropkick_Beth,28000,28,140,10,2,100,1,180,30,0,0,45,0,99999,0,0,30100,,,,,,,,,,,,,,,,,
20000,SangvisFerri2017S,0,0,0,0,0,0,0,0,0,0,0,0,0,99999,0,0,100,,,,,,,,,,,,,,,,,
20001,Prowler,225,3,18,3,4,30,1,180,0,0,0,30,0,99999,0,0,10100,,,,,,,,,,,,,,,,,
20002,Scouts,270,6,18,15,5,50,1,180,0,0,0,45,0,99999,0,0,10100,,,,,,,,,,,,,,,,,
20003,Dinergate,54,9,25,5,3,45,1,180,0,0,0,45,0,99999,0,0,10100,,,,,,,,,,,,,,,,,
20004,Ripper,720,6,20,13,5,30,1,180,0,0,0,40,0,99999,0,0,10100,,,,,,,,,,,,,,,,,
20005,Vespid,900,9,20,10,6,35,1,180,0,0,0,40,0,99999,0,0,10100,,,,,,,,,,,,,,,,,
20006,Jaeger,450,18,40,5,7,35,1,180,0,0,0,25,0,99999,0,0,10100,,,,,,,,,,,,,,,,,
20007,Guard,1800,7,34,3,3,30,1,180,0,0,0,40,0,99999,0,0,10100,,,,,,,,,,,,,,,,,
20008,Dragoon,1080,11,36,15,6,50,1,180,0,0,0,45,0,99999,0,0,10100,,,,,,,,,,,,,,,,,
20009,Jaguar,720,27,350,8,20,35,1,180,0,0,0,350,0,99999,0,0,10100,,,,,,,,,,,,,,,,,
80001,BH2_Shield,2569,11,23,0,2,15,1,180,0,0,0,40,0,99999,0,0,100,,,,,,,,,,,,,,,,,
80002,BH2_Normal,924,21,23,15,2,15,1,180,0,0,0,40,0,99999,0,0,100,,,,,,,,,,,,,,,,,
80003,BH2_Archer,397,42,140,15,6,25,1,180,0,0,0,20,0,99999,0,0,100,,,,,,,,,,,,,,,,,
80004,BH2_Burst,1500,1000,10000,0,1,40,1,180,0,0,0,150,0,99999,0,0,100,,,,,,,,,,,,,,,,,
80005,BH2_Burst,75000,1000,10000,0,1,40,1,180,0,0,0,150,0,99999,0,0,100,,,,,,,,,,,,,,,,,
88888,Cyclops,1000,0,0,0,99,0,1,0,0,0,0,0,1000,99999,0,0,100,,,,,,,,,,,,,,,,,
88889,Cyclops,1000,0,0,0,99,0,1,0,0,0,0,0,1000,99999,0,0,100,,,,,,,,,,,,,,,,,
88890,Cyclops,1000,0,0,0,10,30,1,180,0,0,0,0,1000,99999,0,0,100,,,,,,,,,,,,,,,,,
90001,Drone,50,0,1,0,4,0,1,180,0,0,0,1,0,99999,0,0,1,,,,,,,,,,,,,,,,,
90002,Scarecrow,500,12,4,2,6,45,1,180,0,0,0,45,500,99999,0,0,2,,,,,,,,,,,,,,,,,
90003,Scarecrow,2400,22,5,2,6,45,1,180,0,0,0,55,2400,99999,0,0,3,,,,,,,,,,,,,,,,,
90004,Excutioner,4200,35,10,2,3,50,1,180,0,0,0,55,4200,99999,0,0,4,,,,,,,,,,,,,,,,,
90005,Excutioner,6000,45,12,4,3,50,1,180,0,0,0,55,6000,99999,0,0,5,,,,,,,,,,,,,,,,,
90006,Hunter,8000,65,12,4,6,50,1,180,0,0,0,65,8000,99999,0,0,6,,,,,,,,,,,,,,,,,
90007,Hunter,10000,85,18,8,6,55,1,180,0,0,0,65,10000,99999,0,0,7,,,,,,,,,,,,,,,,,
90008,Intruder,12000,95,18,8,5,45,1,180,0,0,0,60,12000,99999,0,0,8,,,,,,,,,,,,,,,,,
90009,Scarecrow,0,0,0,0,0,0,0,0,0,0,0,0,0,99999,0,0,9,,,,,,,,,,,,,,,,,
700001,Destroyer,35000,300,60,35,5,45,1,180,0,30,0,40,35000,99999,0,0,100,,,,,,,,,,,,,,,,,
700002,BossGager,40000,200,80,30,20,30,1,180,0,0,0,40,40000,99999,0,0,100,,,,,,,,,,,,,,,,,
700003,ExcutionerElite,40000,240,90,60,3,60,1,180,100,20,0,55,40000,99999,0,0,100,,,,,,,,,,,,,,,,,
700004,HunterElite,40000,180,40,50,6,60,1,180,0,30,0,65,40000,99999,0,0,100,,,,,,,,,,,,,,,,,
700005,Justice,52000,30,100,10,20,45,1,180,0,25,0,150,52000,99999,0,0,100,,,,,,,,,,,,,,,,,
700006,Gebbennu,52000,30,100,50,20,45,1,180,40,100,0,60,52000,99999,0,0,100,,,,,,,,,,,,,,,,,
700007,Ares,62000,200,40,50,20,30,1,180,20,120,0,80,62000,99999,0,0,100,,,,,,,,,,,,,,,,,
900010,Excutioner,0,0,0,0,0,0,0,0,0,0,0,0,0,99999,0,0,10,,,,,,,,,,,,,,,,,
900011,Hunter,0,0,0,0,0,0,0,0,0,0,0,0,0,99999,0,0,11,,,,,,,,,,,,,,,,,
900012,Intruder,14000,105,22,9,5,45,1,180,0,0,0,60,14000,99999,0,0,12,,,,,,,,,,,,,,,,,
900013,Scarecrow,6000,45,20,15,6,60,1,180,0,0,0,45,6000,99999,0,0,13,,,,,,,,,,,,,,,,,
900014,Drone,100000,0,20,15,5,1,1,180,0,0,0,45,100000,99999,0,0,14,,,,,,,,,,,,,,,,,
900015,Scarecrow,40000,155,30,16,5,50,1,180,0,0,0,60,40000,99999,0,0,15,,,,,,,,,,,,,,,,,
900016,Drone,100000,0,0,0,0,0,1,180,0,0,0,0,0,99999,0,0,16,,,,,,,,,,,,,,,,,
900017,Destroyer,15000,236,24,12,5,45,1,180,0,0,0,40,15000,99999,0,0,17,,,,,,,,,,,,,,,,,
900018,Destroyer,17500,294,30,15,5,45,1,180,0,0,0,40,17500,99999,0,0,18,,,,,,,,,,,,,,,,,
900020,Weaver,15000,120,20,12,20,45,1,180,0,23,0,55,15000,99999,0,0,100,,,,,,,,,,,,,,,,,
900021,HunterElite,6800,67,30,3,6,50,1,180,0,30,0,55,6800,99999,0,0,100,,,,,,,,,,,,,,,,,
900022,ExcutionerElite,9000,88,18,10,3,55,1,180,0,24,0,45,9000,99999,0,0,100,,,,,,,,,,,,,,,,,
900023,Weaver,100000,1,20,20,20,40,1,180,0,0,0,45,200000,99999,0,0,1,,,,,,,,,,,,,,,,,
900024,Weaver,5000,1,20,20,20,40,1,180,0,0,0,45,200000,99999,0,0,1,,,,,,,,,,,,,,,,,
900025,Manticore,8000,81,45,0,5,30,1,180,0,34,0,42,0,99999,0,0,100,,,,,,,,,,,,,,,,,
900026,Manticore,10000,102,55,0,5,30,1,180,0,42,0,42,0,99999,0,0,100,,,,,,,,,,,,,,,,,
900027,Manticore,6000,30,30,14,5,30,1,180,0,22,0,45,0,99999,0,0,100,,,,,,,,,,,,,,,,,
900028,Manticore,2550,12,30,12,10,30,1,180,0,22,0,45,0,99999,0,0,100,,,,,,,,,,,,,,,,,
900029,Drone,10000,0,0,0,0,0,1,0,0,0,0,0,0,99999,0,0,100,,,,,,,,,,,,,,,,,
900030,Drone,20000,0,0,0,0,0,1,0,0,0,0,0,0,99999,0,0,100,,,,,,,,,,,,,,,,,
900031,Drone,40000,0,0,0,0,0,1,0,0,0,0,0,0,99999,0,0,100,,,,,,,,,,,,,,,,,
900032,Manticore,11500,132,60,0,5,30,1,180,0,42,0,42,0,99999,0,0,100,,,,,,,,,,,,,,,,,
900033,Alchemist,20000,162,40,22,6,45,1,180,0,0,0,60,20000,99999,0,0,100,,,,,,,,,,,,,,,,,
900034,Alchemist,22500,211,48,25,6,45,1,180,0,0,0,60,22500,99999,0,0,100,,,,,,,,,,,,,,,,,
900035,Dragoon,9860,87,60,0,5,30,1,180,0,0,0,55,0,99999,0,0,100,,,,,,,,,,,,,,,,,
900036,Manticore,10200,95,40,12,5,30,1,180,0,25,0,55,0,99999,0,0,100,,,,,,,,,,,,,,,,,
900037,BossGager,10200,95,40,12,5,30,1,180,0,25,0,55,0,99999,0,0,100,,,,,,,,,,,,,,,,,
900038,BossArchitect,10200,95,40,30,6,40,1,180,0,25,0,55,0,99999,0,0,100,,,,,,,,,,,,,,,,,
900039,Dreamer,27500,200,65,35,16,40,1,180,40,0,0,60,27500,99999,0,0,100,,,,,,,,,,,,,,,,,
900040,Scarecrow,3000,22,5,2,6,45,1,180,0,0,0,55,0,99999,0,0,100,,,,,,,,,,,,,,,,,
900041,Excutioner,6000,35,10,2,3,50,1,180,0,0,0,55,0,99999,0,0,100,,,,,,,,,,,,,,,,,
900042,Excutioner,8000,45,12,4,3,50,1,180,0,0,0,55,0,99999,0,0,100,,,,,,,,,,,,,,,,,
900043,Hunter,10000,65,12,4,6,50,1,180,0,0,0,65,0,99999,0,0,100,,,,,,,,,,,,,,,,,
900044,Hunter,12500,85,18,8,6,55,1,180,0,0,0,65,0,99999,0,0,100,,,,,,,,,,,,,,,,,
900045,Intruder,15000,95,18,8,5,45,1,180,0,0,0,60,0,99999,0,0,100,,,,,,,,,,,,,,,,,
900046,Destroyer,17500,236,24,12,5,45,1,180,0,0,0,40,0,99999,0,0,100,,,,,,,,,,,,,,,,,
900047,Destroyer,22500,294,30,15,5,45,1,180,0,0,0,40,0,99999,0,0,100,,,,,,,,,,,,,,,,,
900048,Alchemist,25000,162,40,22,6,45,1,180,0,0,0,60,0,99999,0,0,100,,,,,,,,,,,,,,,,,
900049,Alchemist,27500,211,48,25,6,45,1,180,0,0,0,60,0,99999,0,0,100,,,,,,,,,,,,,,,,,
900050,Dreamer,35000,240,70,50,16,40,1,180,40,0,0,60,35000,99999,0,0,100,,,,,,,,,,,,,,,,,
900051,Jupiter,25000,250,200,0,18,0,1,180,0,20,0,50,0,99999,0,0,20200,,,,,,,,,,,,,,,,,
900052,BossGager,15000,100,20,12,20,30,1,180,0,0,0,40,15000,99999,0,0,100,,,,,,,,,,,,,,,,,
900053,BossArchitect,18000,120,25,15,20,40,1,180,0,20,0,50,18000,99999,0,0,100,,,,,,,,,,,,,,,,,
900054,BossGager,25000,160,60,15,20,30,1,180,0,0,0,40,25000,99999,0,0,100,,,,,,,,,,,,,,,,,
900055,BossArchitect,40000,200,100,40,20,40,1,180,0,35,0,50,40000,99999,0,0,100,,,,,,,,,,,,,,,,,
900056,Scarecrow,40000,200,125,40,5,60,1,180,0,0,0,60,40000,99999,0,0,100,,,,,,,,,,,,,,,,,
900057,Excutioner,40000,240,90,20,3,60,1,180,40,40,0,55,40000,99999,0,0,100,,,,,,,,,,,,,,,,,
900058,Hunter,40000,180,100,30,6,60,1,180,0,30,0,65,40000,99999,0,0,100,,,,,,,,,,,,,,,,,
900059,Intruder,40000,220,75,50,5,60,1,180,0,0,0,60,40000,99999,0,0,100,,,,,,,,,,,,,,,,,
900060,Alchemist,40000,250,60,30,6,45,1,180,0,0,0,60,40000,99999,0,0,100,,,,,,,,,,,,,,,,,
900061,BossGager,40000,200,80,30,20,30,1,180,0,0,0,40,40000,99999,0,0,100,,,,,,,,,,,,,,,,,
900062,BossArchitect,40000,200,75,40,20,40,1,180,0,35,0,50,40000,99999,0,0,100,,,,,,,,,,,,,,,,,
900063,HunterElite,20000,160,60,10,6,50,1,180,0,30,0,60,20000,99999,0,0,100,,,,,,,,,,,,,,,,,
900064,ExcutionerElite,30000,180,70,15,20,55,1,180,0,35,0,50,30000,99999,0,0,100,,,,,,,,,,,,,,,,,
900065,BossArchitect,36000,200,100,30,20,40,1,180,0,35,0,50,36000,99999,0,0,100,,,,,,,,,,,,,,,,,
900066,WeaverElite,40000,200,80,35,20,45,1,180,40,40,0,65,40000,99999,0,0,100,,,,,,,,,,,,,,,,,
900067,HunterElite,12000,160,60,10,6,50,1,180,0,30,0,60,0,99999,0,0,100,,,,,,,,,,,,,,,,,
900068,ExcutionerElite,15000,180,70,15,20,55,1,180,0,35,0,50,0,99999,0,0,100,,,,,,,,,,,,,,,,,
900069,BossArchitect,20000,200,100,30,20,40,1,180,0,35,0,50,0,99999,0,0,100,,,,,,,,,,,,,,,,,
900070,Destroyer,30000,300,45,30,5,45,1,180,0,20,0,40,30000,99999,0,0,100,,,,,,,,,,,,,,,,,
900071,Dreamer,38000,240,80,50,16,40,1,180,40,0,0,60,38000,99999,0,0,100,,,,,,,,,,,,,,,,,
900072,Destroyer,35000,300,60,35,5,45,1,180,0,30,0,40,35000,99999,0,0,100,,,,,,,,,,,,,,,,,
900073,Dreamer,45000,260,100,60,16,40,1,180,40,0,0,60,45000,99999,0,0,100,,,,,,,,,,,,,,,,,
900074,Drone,99999999,0,0,999,0,0,1,0,0,0,0,0,0,99999,0,0,100,,,,,,,,,,,,,,,,,
900075,Intruder,8000,65,30,6,5,45,1,180,0,0,0,60,8000,99999,0,0,100,,,,,,,,,,,,,,,,,
900076,GG_Elfeldt_SF,12000,50,35,8,20,40,1,180,0,60,0,40,12000,99999,0,0,100,,,,,,,,,,,,,,,,,
900077,DestroyerPlus,35000,300,40,30,20,50,1,180,60,20,0,40,35000,99999,0,0,100,,,,,,,,,,,,,,,,,
900078,DestroyerPlus,75000,300,75,50,20,50,1,180,80,30,0,40,75000,99999,0,0,100,,,,,,,,,,,,,,,,,
900079,BossCerberus,30000,25,50,5,20,45,1,180,0,20,0,150,30000,99999,0,0,100,,,,,,,,,,,,,,,,,
900080,BossCerberus,200000,60,100,10,20,45,1,180,0,30,0,150,200000,99999,0,0,100,,,,,,,,,,,,,,,,,
900081,Justice,52000,30,100,10,20,45,1,180,0,25,0,150,52000,99999,0,0,100,,,,,,,,,,,,,,,,,
900082,Justice,65000,42,100,10,20,45,1,180,0,25,0,150,65000,99999,0,0,100,,,,,,,,,,,,,,,,,
900083,SeeleVollerei,72000,45,100,10,2,100,1,180,10,20,0,35,72000,99999,0,0,100,,,,,,,,,,,,,,,,,
900084,TheresaApocalypse,38000,26,46,7,2,50,1,180,10,0,0,32,38000,99999,0,0,100,,,,,,,,,,,,,,,,,
900085,DestroyerPlus,21000,96,28,10,20,50,1,180,60,20,0,36,21000,99999,0,0,100,,,,,,,,,,,,,,,,,
900086,Justice,650000,152,200,10,20,45,1,180,0,25,0,150,650000,99999,0,0,100,,,,,,,,,,,,,,,,,
900087,Justice,68000,50,100,10,20,45,1,180,0,25,0,150,68000,99999,0,0,100,,,,,,,,,,,,,,,,,
900088,ExcutionerElite,18000,65,70,15,20,55,1,180,0,35,0,50,18000,99999,0,0,100,,,,,,,,,,,,,,,,,
900089,BossGager,46000,120,80,20,20,30,1,180,0,0,0,40,46000,99999,0,0,100,,,,,,,,,,,,,,,,,
900090,Agent,180000,65,40,20,20,30,1,180,0,0,0,40,180000,99999,0,0,100,,,,,,,,,,,,,,,,,
900091,Intruder,52000,200,80,20,20,30,1,180,0,0,0,40,52000,99999,0,0,100,,,,,,,,,,,,,,,,,
900092,M16A1_Boss,120000,30,40,20,10,30,1,180,20,0,0,40,120000,99999,0,0,100,,,,,,,,,,,,,,,,,
900093,Agent,220000,45,80,30,14,30,1,180,0,0,0,40,220000,99999,0,0,100,,,,,,,,,,,,,,,,,
900094,M16A1_Boss,320000,95,60,30,20,30,1,180,20,10,0,40,320000,99999,0,0,100,,,,,,,,,,,,,,,,,
900095,Scarecrow,55000,48,50,15,9,30,1,180,10,0,0,40,55000,99999,0,0,100,,,,,,,,,,,,,,,,,
900096,Excutioner,40000,66,80,10,7,30,1,180,30,0,0,60,40000,99999,0,0,100,,,,,,,,,,,,,,,,,
900097,Hunter,45000,42,60,20,5,30,1,180,20,0,0,50,45000,99999,0,0,100,,,,,,,,,,,,,,,,,
900098,Justice,46000,45,80,10,20,30,1,180,0,25,0,150,46000,99999,0,0,100,,,,,,,,,,,,,,,,,
900099,Dreamer,36000,180,80,15,16,40,1,180,40,0,0,60,36000,99999,0,0,100,,,,,,,,,,,,,,,,,
900100,Justice,72000,58,100,10,20,30,1,180,0,25,0,150,72000,99999,0,0,100,,,,,,,,,,,,,,,,,
900101,M16A1_Boss,360000,90,999,60,10,30,1,180,20,0,0,40,360000,99999,0,0,100,,,,,,,,,,,,,,,,,
900102,Dreamer,56000,245,70,30,16,40,1,180,40,0,0,60,56000,99999,0,0,100,,,,,,,,,,,,,,,,,
900103,FAIL_boss,38000,26,46,7,8,50,1,180,10,0,0,45,38000,99999,0,0,100,,,,,,,,,,,,,,,,,
900104,FAIL_boss,280000,70,68,15,8,50,1,180,40,0,0,120,280000,99999,0,0,100,,,,,,,,,,,,,,,,,
900105,Dreamer,35500,95,60,30,16,40,1,180,40,0,0,60,35500,99999,0,0,100,,,,,,,,,,,,,,,,,
900106,Dreamer,82000,185,90,30,16,40,1,180,40,0,0,60,82000,99999,0,0,100,,,,,,,,,,,,,,,,,
900107,Scarecrow,80000,200,125,40,5,60,1,180,0,0,0,60,80000,99999,0,0,100,,,,,,,,,,,,,,,,,
900108,Excutioner,80000,240,90,20,3,60,1,180,40,40,0,55,80000,99999,0,0,100,,,,,,,,,,,,,,,,,
900109,Hunter,80000,180,100,30,6,60,1,180,0,30,0,65,80000,99999,0,0,100,,,,,,,,,,,,,,,,,
900110,Intruder,80000,220,75,50,5,60,1,180,0,0,0,60,80000,99999,0,0,100,,,,,,,,,,,,,,,,,
900111,Intruder,20000,220,75,50,5,60,1,180,0,0,0,60,200000,5000,10,0,100,,,,,,,,,,,,,,,,,
900112,Guard,2269,11,23,0,3,30,1,180,0,0,0,40,0,200,0,0,100,,,,,,,,,,,,,,,,,
900113,Dreamer,87500,200,65,35,16,40,1,180,40,0,0,60,87500,1000,10,0,100,,,,,,,,,,,,,,,,,
900114,Dragoon,3000,42,140,15,4,50,1,180,0,0,0,40,0,1000,0,0,100,,,,,,,,,,,,,,,,,
900115,Nyto_white,90000,62,250,15,9,50,1,180,20,60,0,35,0,1200,0,0,100,,,,,,,,,,,,,,,,,
900116,Nyto_black,70000,42,120,25,10,40,1,180,30,40,0,80,0,800,0,0,100,,,,,,,,,,,,,,,,,
900117,Smasher,225000,32,60,10,12,30,1,180,20,0,0,50,225000,99999,0,0,100,,,,,,,,,,,,,,,,,
900118,Scarecrow,17200,32,80,40,5,60,1,180,0,0,0,60,17200,99999,0,0,100,,,,,,,,,,,,,,,,,
900119,NytoDouble,10000,0,0,0,100,0,1,0,0,0,0,0,10000,99999,0,0,100,,,,,,,,,,,,,,,,,
900120,Nyto_white,120000,68,250,15,9,50,1,180,20,60,0,60,0,1500,0,0,100,,,,,,,,,,,,,,,,,
900121,Nyto_black,95000,48,120,25,10,40,1,180,30,40,0,90,0,1000,0,0,100,,,,,,,,,,,,,,,,,
900122,Nyto_black,38000,26,60,20,10,40,1,180,40,40,0,90,38000,99999,0,0,100,,,,,,,,,,,,,,,,,
900123,NytoDouble,10000,0,0,0,100,0,1,0,0,0,0,0,10000,99999,0,0,100,,,,,,,,,,,,,,,,,
900124,Nyto_white,190000,82,250,20,9,50,1,180,20,60,0,60,0,1500,0,0,100,,,,,,,,,,,,,,,,,
900125,Nyto_black,150000,62,120,35,10,40,1,180,30,40,0,90,0,1000,0,0,100,,,,,,,,,,,,,,,,,
900126,NytoDouble,10000,0,0,0,100,0,1,0,0,0,0,0,10000,99999,0,0,100,,,,,,,,,,,,,,,,,
900127,Nyto_black,150000,76,150,25,10,40,1,180,30,40,0,80,150000,800,0,0,100,,,,,,,,,,,,,,,,,
900128,Scarecrow,85000,160,180,80,5,60,1,180,0,0,0,60,85000,99999,0,0,100,,,,,,,,,,,,,,,,,
900129,BossGager,98000,200,80,50,20,30,1,180,0,0,0,40,98000,99999,0,0,100,,,,,,,,,,,,,,,,,
900130,Excutioner,96000,240,110,30,3,60,1,180,40,40,0,65,96000,99999,0,0,100,,,,,,,,,,,,,,,,,
900131,Hunter,105000,140,100,40,6,60,1,180,0,30,0,65,105000,99999,0,0,100,,,,,,,,,,,,,,,,,
900132,Intruder,105000,210,90,60,5,60,1,180,0,0,0,60,105000,99999,0,0,100,,,,,,,,,,,,,,,,,
900133,Alchemist,115000,180,70,40,6,45,1,180,0,0,0,60,115000,99999,0,0,100,,,,,,,,,,,,,,,,,
900134,Dreamer,108000,220,80,60,16,40,1,180,40,0,0,60,108000,99999,0,0,100,,,,,,,,,,,,,,,,,
900135,DestroyerPlus,105000,180,75,50,20,50,1,180,80,30,0,40,105000,99999,0,0,100,,,,,,,,,,,,,,,,,
900136,BossCerberus,300000,60,100,10,20,45,1,180,0,30,0,150,300000,99999,0,0,100,,,,,,,,,,,,,,,,,
900137,Dive_Re_S,0,0,0,0,0,0,0,0,0,0,0,0,0,99999,0,0,100,,,,,,,,,,,,,,,,,
900138,Intruder,156000,135,80,36,5,45,1,180,0,0,0,70,156000,99999,0,0,100,,,,,,,,,,,,,,,,,
900139,GG_Elfeldt_SF,130000,150,25,18,20,40,1,180,0,120,0,40,130000,99999,0,0,100,,,,,,,,,,,,,,,,,
900140,Beak_M16,62000,50,50,40,10,40,1,180,0,0,0,50,62000,99999,0,0,100,,,,,,,,,,,,,,,,,
900141,Nyto_Gold,45000,32,120,15,10,50,1,180,10,15,0,50,45000,99999,0,0,100,,,,,,,,,,,,,,,,,
900142,Nyto_Silver,42000,42,80,20,5,40,1,180,15,15,0,50,42000,99999,0,0,100,,,,,,,,,,,,,,,,,
900143,M16A1_Boss,92000,62,60,15,20,30,1,180,10,10,0,40,92000,99999,0,0,100,,,,,,,,,,,,,,,,,
900144,Nyto_Gold,160000,70,250,40,10,50,1,180,20,30,0,60,160000,6000,0,0,100,,,,,,,,,,,,,,,,,
900145,Nyto_Silver,120000,62,120,60,5,40,1,180,30,30,0,50,120000,3000,0,0,100,,,,,,,,,,,,,,,,,
900146,M16A1_Boss,320000,85,80,30,20,30,1,180,20,15,0,40,320000,99999,0,0,100,,,,,,,,,,,,,,,,,
900147,Nyto_Gold,180000,75,250,50,10,50,1,180,20,30,0,60,180000,7000,0,0,100,,,,,,,,,,,,,,,,,
900148,Nyto_Silver,140000,72,120,80,5,40,1,180,30,30,0,50,140000,3500,0,0,100,,,,,,,,,,,,,,,,,
900149,M16A1_Boss,260000,78,120,40,20,30,1,180,20,20,0,45,260000,99999,0,0,100,,,,,,,,,,,,,,,,,
900150,Beak_M16,102000,75,30,40,10,40,1,180,0,0,0,30,102000,99999,0,0,100,,,,,,,,,,,,,,,,,
900151,Beak_M16,10000,1,100,100,40,45,1,180,0,0,0,1,10000,99999,0,0,100,,,,,,,,,,,,,,,,,
900152,Beak_M16,10000,1,100,100,40,45,1,180,0,0,0,1,10000,99999,0,0,100,,,,,,,,,,,,,,,,,
900153,Justice,72000,58,100,10,20,30,1,180,0,25,0,150,72000,99999,0,0,100,,,,,,,,,,,,,,,,,
900154,Justice,56000,55,100,5,20,45,1,180,0,25,0,150,56000,99999,0,0,100,,,,,,,,,,,,,,,,,
900155,Dana_BOSS,1000000,95,180,26,5,45,1,180,20,30,0,70,1000000,99999,0,0,100,,,,,,,,,,,,,,,,,
900156,Nyto_Gold,42000,32,120,15,10,50,1,180,20,25,0,50,42000,99999,0,0,100,,,,,,,,,,,,,,,,,
900157,Nyto_Gold,175000,65,250,40,10,50,1,180,20,30,0,60,175000,7000,0,0,100,,,,,,,,,,,,,,,,,
900158,Destroyer,115000,190,60,15,5,45,1,180,0,0,0,60,115000,99999,0,0,100,,,,,,,,,,,,,,,,,
900159,BossArchitect,95000,135,120,25,20,40,1,180,0,35,0,50,95000,99999,0,0,100,,,,,,,,,,,,,,,,,
900160,Dana_BOSS,1000000,85,150,26,5,45,1,180,20,30,0,65,1000000,99999,0,0,100,,,,,,,,,,,,,,,,,
900161,Nyto_Gold,38000,26,100,15,10,50,1,180,20,20,0,50,38000,99999,0,0,100,,,,,,,,,,,,,,,,,
900162,Nyto_Gold,72000,52,160,30,10,50,1,180,20,30,0,60,72000,99999,0,0,100,,,,,,,,,,,,,,,,,
900163,BossArchitect,45000,95,120,15,20,40,1,180,0,25,0,50,45000,99999,0,0,100,,,,,,,,,,,,,,,,,
900164,M4A1_Boss,100000,36,42,15,15,30,1,180,10,10,0,40,100000,99999,0,0,100,,,,,,,,,,,,,,,,,
900165,M4A1_Boss,200000,52,60,15,15,30,1,180,10,10,0,40,200000,99999,0,0,100,,,,,,,,,,,,,,,,,
900166,Smasher,11500,22,40,10,12,30,1,180,20,0,0,50,11500,99999,0,0,100,,,,,,,,,,,,,,,,,
900167,Smasher,245000,32,60,30,12,30,1,180,20,0,0,50,245000,99999,0,0,100,,,,,,,,,,,,,,,,,
900168,Nyto_Isomer_White,48000,26,26,26,15,50,1,180,10,10,0,40,48000,3000,0,0,100,,,,,,,,,,,,,,,,,
900169,Nyto_Isomer_White,195000,50,50,50,15,50,1,180,10,30,0,50,195000,7000,0,0,100,,,,,,,,,,,,,,,,,
900170,Nyto_Isomer_White,230000,60,60,30,15,50,1,180,10,30,0,60,230000,9000,0,0,100,,,,,,,,,,,,,,,,,
900171,Nyto_Gold,120000,45,250,40,15,50,1,180,20,30,0,60,120000,99999,0,0,100,,,,,,,,,,,,,,,,,
900172,Nyto_Gold,220000,65,250,40,15,50,1,180,20,30,0,60,220000,99999,0,0,100,,,,,,,,,,,,,,,,,
900173,GustafM_1,50000,40,35,0,18,0,1,180,200,60,0,50,50000,99999,0,0,20200,,,,,,,,,,,,,,,,,
900174,GustafM_2,46000,40,65,0,18,0,1,180,150,60,0,50,46000,99999,0,0,20200,,,,,,,,,,,,,,,,,
900175,GustafM_3,40000,45,65,0,18,0,1,180,100,60,0,50,40000,99999,0,0,20200,,,,,,,,,,,,,,,,,
900176,GustafM_1,180000,65,65,0,18,0,1,180,200,75,0,50,180000,99999,0,0,20200,,,,,,,,,,,,,,,,,
900177,GustafM_2,165000,65,125,0,18,0,1,180,150,75,0,50,165000,99999,0,0,20200,,,,,,,,,,,,,,,,,
900178,GustafM_3,155000,70,125,0,18,0,1,180,100,75,0,50,155000,99999,0,0,20200,,,,,,,,,,,,,,,,,
900179,Smasher,195000,32,60,20,12,30,1,180,20,0,0,50,195000,99999,0,0,100,,,,,,,,,,,,,,,,,
900180,Nyto_Isomer_White,185000,50,50,20,15,50,1,180,10,30,0,50,185000,7000,0,0,100,,,,,,,,,,,,,,,,,
900181,Tank_R,50000,40,35,0,18,0,1,180,200,60,0,50,50000,99999,0,0,20200,,,,,,,,,,,,,,,,,
900182,Tank_M,46000,40,65,0,18,0,1,180,150,60,0,50,46000,99999,0,0,20200,,,,,,,,,,,,,,,,,
900183,Tank_L,40000,45,65,0,18,0,1,180,100,60,0,50,40000,99999,0,0,20200,,,,,,,,,,,,,,,,,
900184,Tank_R,180000,65,65,0,18,0,1,180,200,75,0,50,180000,99999,0,0,20200,,,,,,,,,,,,,,,,,
900185,Tank_M,165000,65,125,0,18,0,1,180,150,75,0,50,165000,99999,0,0,20200,,,,,,,,,,,,,,,,,
900186,Tank_L,155000,70,125,0,18,0,1,180,100,75,0,50,155000,99999,0,0,20200,,,,,,,,,,,,,,,,,
900187,GustafM_1,50000,40,35,0,18,0,1,180,200,60,0,50,0,99999,0,0,20200,,,,,,,,,,,,,,,,,
900188,GustafM_2,46000,40,65,0,18,0,1,180,150,60,0,50,0,99999,0,0,20200,,,,,,,,,,,,,,,,,
900189,GustafM_3,40000,45,65,0,18,0,1,180,100,60,0,50,0,99999,0,0,20200,,,,,,,,,,,,,,,,,
900190,GustafM_1,180000,65,65,0,18,0,1,180,200,75,0,50,0,99999,0,0,20200,,,,,,,,,,,,,,,,,
900191,GustafM_2,165000,65,125,0,18,0,1,180,150,75,0,50,0,99999,0,0,20200,,,,,,,,,,,,,,,,,
900192,GustafM_3,155000,70,125,0,18,0,1,180,100,75,0,50,0,99999,0,0,20200,,,,,,,,,,,,,,,,,
900193,Nyto_Isomer_Black,45000,50,50,20,50,50,1,180,10,30,0,50,45000,99999,0,0,100,,,,,,,,,,,,,,,,,
900194,Nyto_Isomer_Black,75000,120,50,20,50,50,1,180,10,30,0,50,75000,99999,0,0,100,,,,,,,,,,,,,,,,,
900195,Smasher,245000,45,60,20,12,30,1,180,20,0,0,50,245000,99999,0,0,100,,,,,,,,,,,,,,,,,
900196,BossGager,185000,150,80,30,20,30,1,180,0,0,0,40,185000,99999,0,0,100,,,,,,,,,,,,,,,,,
900197,BossGager,42000,120,60,20,20,30,1,180,0,0,0,40,42000,99999,0,0,100,,,,,,,,,,,,,,,,,
900198,Destroyer,36000,180,50,20,5,45,1,180,0,0,0,40,36000,99999,0,0,100,,,,,,,,,,,,,,,,,
900199,M16A1_Boss,22000,36,30,12,16,30,1,180,10,10,0,40,22000,99999,0,0,100,,,,,,,,,,,,,,,,,
900200,M16A1_Boss,160000,65,50,30,16,30,1,180,20,40,0,40,160000,99999,0,0,100,,,,,,,,,,,,,,,,,
900201,Eliza_boss,82000,62,60,15,20,30,1,180,10,0,0,40,82000,99999,0,0,100,,,,,,,,,,,,,,,,,
900202,Eliza_boss,320000,68,90,30,20,30,1,180,20,0,0,40,320000,99999,0,0,100,,,,,,,,,,,,,,,,,
900203,Ares,46000,26,40,5,20,30,1,180,20,50,0,40,46000,99999,0,0,100,,,,,,,,,,,,,,,,,
900204,Ares,260000,42,60,10,20,30,1,180,20,120,0,40,260000,99999,0,0,100,,,,,,,,,,,,,,,,,
900205,Nyto_black,8000,16,30,10,10,40,1,180,0,0,0,90,8000,99999,0,0,100,,,,,,,,,,,,,,,,,
900206,Nyto_black,26000,24,50,20,10,40,1,180,10,20,0,90,26000,99999,0,0,100,,,,,,,,,,,,,,,,,
900207,Nyto_black,120000,52,75,35,10,40,1,180,30,30,0,90,120000,5000,0,0,100,,,,,,,,,,,,,,,,,
900208,Nyto_black,1600,22,40,12,16,30,1,180,10,0,0,40,0,99999,0,0,100,,,,,,,,,,,,,,,,,
900209,Nyto_black,5200,32,80,30,16,30,1,180,20,0,0,40,0,99999,0,0,100,,,,,,,,,,,,,,,,,
900210,M16A1Griffin,39000,32,30,12,16,30,1,180,10,10,0,40,39000,99999,0,0,100,,,,,,,,,,,,,,,,,
900211,M16A1Griffin,230000,56,50,25,16,30,1,180,20,40,0,40,230000,99999,0,0,100,,,,,,,,,,,,,,,,,
900212,Ares,46000,32,40,15,20,30,1,180,20,50,0,40,46000,99999,0,0,100,,,,,,,,,,,,,,,,,
900213,Ares,320000,46,60,25,20,30,1,180,20,120,0,40,320000,99999,0,0,100,,,,,,,,,,,,,,,,,
900214,Ares,260000,42,60,10,20,30,1,180,20,120,0,40,260000,99999,0,0,100,,,,,,,,,,,,,,,,,
900215,Ares,260000,42,60,20,20,30,1,180,20,120,0,40,0,99999,0,0,100,,,,,,,,,,,,,,,,,
900216,Ares,380000,52,60,30,20,30,1,180,20,120,0,40,0,99999,0,0,100,,,,,,,,,,,,,,,,,
900217,M16A1_Boss,140000,52,50,25,16,30,1,180,20,40,0,40,140000,99999,0,0,100,,,,,,,,,,,,,,,,,
900218,Eliza_boss,320000,68,90,40,20,30,1,180,20,0,0,40,320000,99999,0,0,100,,,,,,,,,,,,,,,,,
900219,Ares,220000,38,50,15,20,30,1,180,20,120,0,40,220000,99999,0,0,100,,,,,,,,,,,,,,,,,
900220,HenEnemy,100000,52,75,35,10,40,1,180,30,30,0,90,100000,5000,0,0,100,,,,,,,,,,,,,,,,,
900221,CarcanoEnemy,56000,42,120,20,10,40,1,180,10,0,0,25,56000,5000,0,0,100,,,,,,,,,,,,,,,,,
900222,CarcanoEnemy,320000,72,240,40,10,40,1,180,30,0,0,40,320000,5000,0,0,100,,,,,,,,,,,,,,,,,
900223,RicoEnemy,100000,52,75,35,10,40,1,180,30,30,0,90,100000,5000,0,0,100,,,,,,,,,,,,,,,,,
900224,Dreamer,32000,42,60,60,16,40,1,180,40,0,0,60,32000,99999,0,0,100,,,,,,,,,,,,,,,,,
900225,DestroyerPlus,35000,52,20,30,20,50,1,180,60,20,0,40,35000,99999,0,0,100,,,,,,,,,,,,,,,,,
900226,Smasher,85000,35,60,20,12,30,1,180,20,0,0,50,85000,99999,0,0,100,,,,,,,,,,,,,,,,,
900227,BossGager,116000,80,80,20,20,30,1,180,0,0,0,40,116000,99999,0,0,100,,,,,,,,,,,,,,,,,
900228,Weaver,55000,35,40,40,5,60,1,180,0,0,0,45,55000,99999,0,0,100,,,,,,,,,,,,,,,,,
900229,Weaver,92000,52,60,80,5,60,1,180,0,0,0,55,92000,99999,0,0,100,,,,,,,,,,,,,,,,,
900230,DestroyerPlus,135000,65,35,30,20,50,1,180,60,20,0,40,135000,99999,0,0,100,,,,,,,,,,,,,,,,,
900231,Dreamer,178000,62,80,60,16,60,1,180,40,0,0,60,178000,99999,0,0,100,,,,,,,,,,,,,,,,,
900232,Weaver,230000,70,75,120,5,40,1,180,0,0,0,60,230000,99999,0,0,100,,,,,,,,,,,,,,,,,
900233,Weaver,230000,70,75,120,5,40,1,180,0,0,0,60,0,99999,0,0,100,,,,,,,,,,,,,,,,,
900234,VectorBoss,52000,26,50,30,5,50,1,180,0,0,0,60,0,99999,0,0,100,,,,,,,,,,,,,,,,,
900235,HK416Boss,42000,36,60,10,10,35,1,180,0,0,0,40,0,99999,0,0,100,,,,,,,,,,,,,,,,,
900236,DivBurn,35000,30,60,5,5,30,1,180,0,0,0,50,0,99999,0,0,100,,,,,,,,,,,,,,,,,
900237,Vector_enemy,120000,80,75,40,8,40,1,180,0,0,0,60,0,99999,0,0,100,,,,,,,,,,,,,,,,,
900238,AK47_enemy,9999999,150,75,120,8,40,1,180,0,0,0,60,0,99999,0,0,100,,,,,,,,,,,,,,,,,
900239,HK416Boss,24000,32,50,30,10,35,1,180,0,0,0,40,0,99999,0,0,100,,,,,,,,,,,,,,,,,
900240,VectorBoss,380000,42,75,120,5,50,1,180,0,0,0,60,0,99999,0,0,100,,,,,,,,,,,,,,,,,
900241,HK416Boss,320000,65,120,50,10,35,1,180,0,0,0,50,0,99999,0,0,100,,,,,,,,,,,,,,,,,
900242,DivBurn,185000,45,80,30,5,30,1,180,0,0,0,50,0,99999,0,0,100,,,,,,,,,,,,,,,,,
900243,Vector_enemy,460000,120,90,120,8,40,1,180,0,0,0,60,0,99999,0,0,100,,,,,,,,,,,,,,,,,
900244,AK47_enemy,999999,300,75,120,8,40,1,180,0,0,0,60,0,99999,0,0,100,,,,,,,,,,,,,,,,,
900245,HK416Boss,260000,52,90,40,10,35,1,180,0,0,0,40,0,99999,0,0,100,,,,,,,,,,,,,,,,,
900246,M1903_enemy,999999,150,75,120,8,40,1,180,0,0,0,60,0,99999,0,0,100,,,,,,,,,,,,,,,,,
900247,97type_enemy,999999,150,75,120,8,40,1,180,0,0,0,60,0,99999,0,0,100,,,,,,,,,,,,,,,,,
900248,MP7_enemy,999999,150,75,120,8,40,1,180,0,0,0,60,0,99999,0,0,100,,,,,,,,,,,,,,,,,
900249,AA12_enemy,999999,150,75,120,8,40,1,180,0,0,0,60,0,99999,0,0,100,,,,,,,,,,,,,,,,,
900250,M870_enemy,999999,300,75,120,8,40,1,180,0,0,0,60,0,99999,0,0,100,,,,,,,,,,,,,,,,,
900285,Dropkick_YurineBoss,60000,28,20,10,12,30,1,180,50,0,0,60,60000,99999,0,0,100,,,,,,,,,,,,,,,,,
900286,Dropkick_YurineBoss,400000,120,20,60,16,30,1,180,50,0,0,60,400000,99999,0,0,100,,,,,,,,,,,,,,,,,
900287,Dropkick_MinosBoss,9999999,999,999,999,12,30,1,180,999,999,0,60,9999999,99999,0,0,100,,,,,,,,,,,,,,,,,
910101,K2_event,10000,0,0,15,100,0,1,0,0,0,0,0,10000,99999,0,0,100,,,,,,,,,,,,,,,,,
910102,K2_event,10000,0,0,15,100,0,1,0,0,0,0,0,10000,99999,0,0,100,,,,,,,,,,,,,,,,,
910103,K2_event,10000,0,0,15,100,0,1,0,0,0,0,0,10000,99999,0,0,100,,,,,,,,,,,,,,,,,
910104,M950A_event,10000,0,0,15,100,0,1,0,0,0,0,0,10000,99999,0,0,100,,,,,,,,,,,,,,,,,
910105,M950A_event,10000,0,0,15,100,0,1,0,0,0,0,0,10000,99999,0,0,100,,,,,,,,,,,,,,,,,
910106,M950A_event,10000,0,0,15,100,0,1,0,0,0,0,0,10000,99999,0,0,100,,,,,,,,,,,,,,,,,
910107,TMP_event,10000,0,0,15,100,0,1,0,0,0,0,0,10000,99999,0,0,100,,,,,,,,,,,,,,,,,
910108,TMP_event,10000,0,0,15,100,0,1,0,0,0,0,0,10000,99999,0,0,100,,,,,,,,,,,,,,,,,
910109,TMP_event,10000,0,0,15,100,0,1,0,0,0,0,0,10000,99999,0,0,100,,,,,,,,,,,,,,,,,
910110,AEK999_event,10000,0,0,15,100,0,1,0,0,0,0,0,10000,99999,0,0,100,,,,,,,,,,,,,,,,,
910111,AEK999_event,10000,0,0,15,100,0,1,0,0,0,0,0,10000,99999,0,0,100,,,,,,,,,,,,,,,,,
910112,AEK999_event,10000,0,0,15,100,0,1,0,0,0,0,0,10000,99999,0,0,100,,,,,,,,,,,,,,,,,
910113,Thunder50_event,10000,0,0,15,100,0,1,0,0,0,0,0,10000,99999,0,0,100,,,,,,,,,,,,,,,,,
910114,Thunder50_event,10000,0,0,15,100,0,1,0,0,0,0,0,10000,99999,0,0,100,,,,,,,,,,,,,,,,,
910115,Thunder50_event,10000,0,0,15,100,0,1,0,0,0,0,0,10000,99999,0,0,100,,,,,,,,,,,,,,,,,
910116,FAIL_boss,15000,80,40,5,8,50,1,180,10,0,0,45,15000,99999,0,0,100,,,,,,,,,,,,,,,,,
910117,K2,10000,0,0,15,100,0,1,0,0,0,0,0,10000,99999,0,0,100,,,,,,,,,,,,,,,,,
910118,M950A,10000,0,0,15,100,0,1,0,0,0,0,0,10000,99999,0,0,100,,,,,,,,,,,,,,,,,
910119,TMP,10000,0,0,15,100,0,1,0,0,0,0,0,10000,99999,0,0,100,,,,,,,,,,,,,,,,,
910120,AEK999,10000,0,0,15,100,0,1,0,0,0,0,0,10000,99999,0,0,100,,,,,,,,,,,,,,,,,
910121,Thunder50,10000,0,0,15,100,0,1,0,0,0,0,0,10000,99999,0,0,100,,,,,,,,,,,,,,,,,
910122,M4A1_Motor,10000,0,0,15,100,0,1,0,0,0,0,0,10000,99999,0,0,100,,,,,,,,,,,,,,,,,
910123,AR15_Motor,10000,0,0,15,100,0,1,0,0,0,0,0,10000,99999,0,0,100,,,,,,,,,,,,,,,,,
910124,AK12_Motor,10000,0,0,15,100,0,1,0,0,0,0,0,10000,99999,0,0,100,,,,,,,,,,,,,,,,,
910125,AN94_Motor,10000,0,0,15,100,0,1,0,0,0,0,0,10000,99999,0,0,100,,,,,,,,,,,,,,,,,
910126,M4 SOPMOD IIMod,10000,0,0,15,100,0,1,0,0,0,0,0,10000,99999,0,0,100,,,,,,,,,,,,,,,,,
910127,gunslinger_drone,1,0,0,15,100,0,1,0,0,0,0,0,0,99999,0,0,100,,,,,,,,,,,,,,,,,
910128,gunslinger_drone,1,0,0,15,100,0,1,0,0,0,0,0,0,99999,0,0,100,,,,,,,,,,,,,,,,,
910129,refugee_smg,200,1,1,1,200,0,1,180,0,0,0,0,0,99999,0,0,16,,,,,,,,,,,,,,,,,
910130,refugee_smg,200,1,1,1,200,0,1,180,0,0,0,0,0,99999,0,0,16,,,,,,,,,,,,,,,,,
910131,refugee_smg,200,1,1,1,200,0,1,180,0,0,0,0,0,99999,0,0,16,,,,,,,,,,,,,,,,,
990037,VectorBoss,70,1,1,1,9900,0,1,180,0,0,0,0,70,99999,0,0,100,,,,,,,,,,,,,,,,,
990038,HK416Boss,70,1,1,1,9900,0,1,180,0,0,0,0,70,99999,0,0,100,,,,,,,,,,,,,,,,,
