level,maxlife,pow,dodge,hit,armor_piercing,armor,shield,def,def_break
1,226.8,6.94,2.14,3.33,3,30.72,1,336,1
2,246.33,7.14,2.57,4,4,32.64,1,343,1
3,246.33,7.34,2.57,4,4,32.64,1,349,1
4,246.33,7.41,2.57,4,5,32.64,1,356,1
5,246.33,7.61,3,4.67,5,32.64,1,363,1
6,260.82,7.68,3,4.67,5,34.56,1,370,1
7,266.49,7.89,3,4.67,6,34.56,1,376,1
8,266.49,7.97,3.43,5.33,6,34.56,1,383,1
9,266.49,8.18,3.43,5.33,7,34.56,1,390,1
10,281.29,8.25,3.43,5.33,7,36.48,1,396,1
11,281.29,8.46,3.86,6,7,36.48,1,403,1
12,281.29,8.68,3.86,6,8,36.48,1,410,1
13,287.28,8.76,3.86,6,8,36.48,1,417,1
14,302.4,8.98,3.86,6,8,38.4,1,423,1
15,302.4,9.06,4.29,6.67,9,38.4,1,430,1
16,302.4,9.28,4.29,6.67,9,38.4,1,437,1
17,302.4,9.36,4.29,6.67,10,38.4,1,443,1
18,324.14,9.59,4.71,7.33,10,40.32,1,450,1
19,324.14,9.67,4.71,7.33,10,40.32,1,457,1
20,324.14,9.9,4.71,7.33,11,40.32,1,464,1
21,324.14,10.13,5.14,8,11,40.32,1,470,1
22,339.57,10.22,5.14,8,12,42.24,1,477,1
23,339.57,10.46,5.14,8,12,42.24,1,484,1
24,346.5,10.54,5.14,8,12,42.24,1,490,1
25,346.5,10.78,5.57,8.67,13,42.24,1,497,1
26,362.25,10.87,5.57,8.67,13,44.16,1,504,1
27,362.25,11.11,5.57,8.67,13,44.16,1,511,1
28,362.25,11.2,6,9.33,14,44.16,1,517,1
29,369.5,11.45,6,9.33,14,44.16,1,524,1
30,385.56,11.7,6,9.33,15,46.08,1,531,1
31,385.56,11.79,6.43,10,15,46.08,1,537,1
32,385.56,12.05,6.43,10,15,46.08,1,544,1
33,385.56,12.14,6.43,10,16,46.08,1,551,1
34,385.56,12.39,6.43,10,16,46.08,1,558,1
35,409.5,12.49,6.86,10.67,17,48,1,564,1
36,409.5,12.75,6.86,10.67,17,48,1,571,1
37,409.5,12.84,6.86,10.67,17,48,1,578,1
38,409.5,13.11,7.29,11.33,18,48,1,584,1
39,425.88,13.38,7.29,11.33,18,49.92,1,591,1
40,434.07,13.47,7.29,11.33,18,49.92,1,598,1
41,434.07,13.75,7.71,12,19,49.92,1,605,1
42,434.07,13.84,7.71,12,19,49.92,1,611,1
43,450.77,14.12,7.71,12,20,51.84,1,618,1
44,450.77,14.22,8.14,12.67,20,51.84,1,625,1
45,450.77,14.5,8.14,12.67,20,51.84,1,631,1
46,459.27,14.6,8.14,12.67,21,51.84,1,638,1
47,476.28,14.88,8.14,12.67,21,53.76,1,645,1
48,476.28,15.17,8.57,13.33,22,53.76,1,652,1
49,476.28,15.27,8.57,13.33,22,53.76,1,658,1
50,476.28,15.56,8.57,13.33,22,53.76,1,665,1
51,502.42,15.56,9,14,23,55.68,1,672,1
52,502.42,15.75,9,14,23,55.68,1,678,1
53,502.42,15.75,9,14,23,55.68,1,685,1
54,502.42,15.94,9.43,14.67,24,55.68,1,692,1
55,519.75,15.94,9.43,14.67,24,57.6,1,698,1
56,519.75,16.13,9.43,14.67,25,57.6,1,705,1
57,529.2,16.31,9.43,14.67,25,57.6,1,712,1
58,529.2,16.31,9.86,15.33,25,57.6,1,719,1
59,546.84,16.5,9.86,15.33,26,59.52,1,725,1
60,546.84,16.5,9.86,15.33,26,59.52,1,732,1
61,546.84,16.69,10.29,16,26,59.52,1,739,1
62,556.61,16.69,10.29,16,27,59.52,1,745,1
63,574.56,16.88,10.29,16,27,61.44,1,752,1
64,574.56,16.88,10.71,16.67,28,61.44,1,759,1
65,574.56,17.06,10.71,16.67,28,61.44,1,766,1
66,574.56,17.25,10.71,16.67,28,61.44,1,772,1
67,574.56,17.25,10.71,16.67,29,61.44,1,779,1
68,602.91,17.44,11.14,17.33,29,63.36,1,786,1
69,602.91,17.44,11.14,17.33,30,63.36,1,792,1
70,602.91,17.63,11.14,17.33,30,63.36,1,799,1
71,602.91,17.63,11.57,18,30,63.36,1,806,1
72,621.18,17.81,11.57,18,31,65.28,1,813,1
73,631.89,17.81,11.57,18,31,65.28,1,819,1
74,631.89,18,12,18.67,31,65.28,1,826,1
75,631.89,18.19,12,18.67,32,65.28,1,833,1
76,650.47,18.19,12,18.67,32,67.2,1,839,1
77,650.47,18.38,12.43,19.33,33,67.2,1,846,1
78,650.47,18.38,12.43,19.33,33,67.2,1,853,1
79,661.5,18.56,12.43,19.33,33,67.2,1,860,1
80,680.4,18.56,12.43,19.33,34,69.12,1,866,1
81,680.4,18.75,12.86,20,34,69.12,1,873,1
82,680.4,18.75,12.86,20,35,69.12,1,880,1
83,680.4,18.94,12.86,20,35,69.12,1,886,1
84,710.95,19.12,13.29,20.67,35,71.04,1,893,1
85,710.95,19.12,13.29,20.67,36,71.04,1,900,1
86,710.95,19.31,13.29,20.67,36,71.04,1,907,1
87,710.95,19.31,13.71,21.33,36,71.04,1,913,1
88,730.17,19.5,13.71,21.33,37,72.96,1,920,1
89,730.17,19.5,13.71,21.33,37,72.96,1,927,1
90,742.14,19.69,13.71,21.33,38,72.96,1,933,1
91,742.14,19.69,14.14,22,38,72.96,1,940,1
92,761.67,19.88,14.14,22,38,74.88,1,947,1
93,761.67,20.06,14.14,22,39,74.88,1,954,1
94,761.67,20.06,14.57,22.67,39,74.88,1,960,1
95,773.96,20.25,14.57,22.67,40,74.88,1,967,1
96,773.96,20.25,14.57,22.67,40,74.88,1,974,1
97,793.8,20.44,15,23.33,40,76.8,1,980,1
98,793.8,20.44,15,23.33,41,76.8,1,987,1
99,793.8,20.63,15,23.33,41,76.8,1,994,1
100,793.8,20.63,15,23.33,41,76.8,1,1000,1
101,803,20.75,15.01,23.34,41.25,77.52,1,1007,1
102,812.3,20.88,15.01,23.35,41.49,78.25,1,1014,1
103,821.71,21,15.02,23.36,41.74,78.98,1,1021,1
104,831.22,21.12,15.02,23.37,41.99,79.73,1,1027,1
105,840.84,21.25,15.03,23.38,42.24,80.47,1,1034,1
106,850.57,21.38,15.03,23.39,42.5,81.23,1,1041,1
107,860.41,21.5,15.04,23.4,42.75,81.99,1,1047,1
108,870.36,21.63,15.04,23.41,43.01,82.76,1,1054,1
109,880.42,21.76,15.05,23.42,43.27,83.54,1,1061,1
110,890.6,21.89,15.05,23.42,43.52,84.33,1,1068,1
111,900.89,22.02,15.06,23.43,43.79,85.12,1,1074,1
112,911.29,22.15,15.06,23.44,44.05,85.92,1,1081,1
113,921.82,22.28,15.07,23.45,44.31,86.72,1,1088,1
114,932.46,22.41,15.07,23.46,44.58,87.54,1,1094,1
115,943.22,22.55,15.08,23.47,44.84,88.36,1,1101,1
116,954.1,22.68,15.08,23.48,45.11,89.19,1,1108,1
117,965.11,22.81,15.09,23.49,45.38,90.03,1,1115,1
118,976.24,22.95,15.09,23.5,45.65,90.87,1,1121,1
119,987.49,23.09,15.1,23.51,45.93,91.73,1,1128,1
120,998.87,23.22,15.1,23.52,46.2,92.59,1,1135,1
121,1060.22,23.22,15.34,23.63,46.48,93.46,1,1141,1
122,1081.69,23.22,15.36,23.65,46.76,94.33,1,1148,1
123,1103.58,23.22,15.38,23.67,47.04,95.22,1,1155,1
124,1125.91,23.22,15.4,23.68,47.32,96.11,1,1162,1
125,1148.68,23.22,15.42,23.7,47.6,97.02,1,1168,1
126,1171.91,23.22,15.44,23.72,47.89,97.93,1,1175,1
127,1195.59,23.22,15.46,23.74,48.18,98.85,1,1182,1
128,1219.74,23.22,15.48,23.75,48.46,99.77,1,1188,1
129,1244.36,23.22,15.51,23.77,48.76,100.71,1,1195,1
130,1269.48,23.22,15.53,23.79,49.05,101.66,1,1202,1
131,1295.09,23.22,15.55,23.81,49.34,102.61,1,1209,1
132,1321.21,23.22,15.57,23.82,49.64,103.57,1,1215,1
133,1347.84,23.22,15.59,23.84,49.94,104.55,1,1222,1
134,1375,23.22,15.61,23.86,50.24,105.53,1,1229,1
135,1402.7,23.22,15.63,23.88,50.54,106.52,1,1235,1
136,1430.94,23.22,15.65,23.9,50.84,107.52,1,1242,1
137,1459.75,23.22,15.67,23.92,51.15,108.53,1,1249,1
138,1489.12,23.22,15.69,23.93,51.46,109.55,1,1256,1
139,1519.08,23.22,15.72,23.95,51.76,110.57,1,1262,1
140,1549.62,23.22,15.74,23.97,52.08,111.61,1,1269,1
141,1577.52,23.22,16.13,23.72,52.08,112.17,1,1276,1
142,1605.91,23.22,16.53,23.73,52.08,112.73,1,1282,1
143,1634.82,23.22,16.95,23.74,52.08,113.29,1,1289,1
144,1664.25,23.22,17.37,23.75,52.08,113.86,1,1296,1
145,1694.2,23.22,17.81,23.76,52.08,114.43,1,1303,1
146,1724.7,23.22,18.25,23.77,52.08,115,1,1309,1
147,1755.74,23.22,18.71,23.77,52.08,115.58,1,1316,1
148,1787.35,23.22,19.17,23.78,52.08,116.16,1,1323,1
149,1819.52,23.22,19.65,23.79,52.08,116.74,1,1329,1
150,1852.27,23.22,20.15,23.8,55.31,117.32,1,1336,1
151,1852.27,23.22,20.15,23.8,55.31,117.32,1,1336,1
152,1852.27,23.22,20.15,23.8,55.31,117.32,1,1336,1
153,1852.27,23.22,20.15,23.8,55.31,117.32,1,1336,1
154,1852.27,23.22,20.15,23.8,55.31,117.32,1,1336,1
155,1852.27,23.22,20.15,23.8,55.31,117.32,1,1336,1
156,1852.27,23.22,20.15,23.8,55.31,117.32,1,1336,1
157,1852.27,23.22,20.15,23.8,55.31,117.32,1,1336,1
158,1852.27,23.22,20.15,23.8,55.31,117.32,1,1336,1
159,1852.27,23.22,20.15,23.8,55.31,117.32,1,1336,1
160,1852.27,23.22,20.15,23.8,55.31,117.32,1,1336,1
161,1852.27,23.22,20.15,23.8,55.31,117.32,1,1336,1
162,1852.27,23.22,20.15,23.8,55.31,117.32,1,1336,1
163,1852.27,23.22,20.15,23.8,55.31,117.32,1,1336,1
164,1852.27,23.22,20.15,23.8,55.31,117.32,1,1336,1
165,1852.27,23.22,20.15,23.8,55.31,117.32,1,1336,1
166,1852.27,23.22,20.15,23.8,55.31,117.32,1,1336,1
167,1852.27,23.22,20.15,23.8,55.31,117.32,1,1336,1
168,1852.27,23.22,20.15,23.8,55.31,117.32,1,1336,1
169,1852.27,23.22,20.15,23.8,55.31,117.32,1,1336,1
170,1852.27,23.22,20.15,23.8,55.31,117.32,1,1336,1
171,1852.27,23.22,20.15,23.8,55.31,117.32,1,1336,1
172,1852.27,23.22,20.15,23.8,55.31,117.32,1,1336,1
173,1852.27,23.22,20.15,23.8,55.31,117.32,1,1336,1
174,1852.27,23.22,20.15,23.8,55.31,117.32,1,1336,1
175,1852.27,23.22,20.15,23.8,55.31,117.32,1,1336,1
176,1852.27,23.22,20.15,23.8,55.31,117.32,1,1336,1
177,1852.27,23.22,20.15,23.8,55.31,117.32,1,1336,1
178,1852.27,23.22,20.15,23.8,55.31,117.32,1,1336,1
179,1852.27,23.22,20.15,23.8,55.31,117.32,1,1336,1
180,1852.27,23.22,20.15,23.8,55.31,117.32,1,1336,1
181,1852.27,23.22,20.15,23.8,55.31,117.32,1,1336,1
182,1852.27,23.22,20.15,23.8,55.31,117.32,1,1336,1
183,1852.27,23.22,20.15,23.8,55.31,117.32,1,1336,1
184,1852.27,23.22,20.15,23.8,55.31,117.32,1,1336,1
185,1852.27,23.22,20.15,23.8,55.31,117.32,1,1336,1
186,1852.27,23.22,20.15,23.8,55.31,117.32,1,1336,1
187,1852.27,23.22,20.15,23.8,55.31,117.32,1,1336,1
188,1852.27,23.22,20.15,23.8,55.31,117.32,1,1336,1
189,1852.27,23.22,20.15,23.8,55.31,117.32,1,1336,1
190,1852.27,23.22,20.15,23.8,55.31,117.32,1,1336,1
191,1852.27,23.22,20.15,23.8,55.31,117.32,1,1336,1
192,1852.27,23.22,20.15,23.8,55.31,117.32,1,1336,1
193,1852.27,23.22,20.15,23.8,55.31,117.32,1,1336,1
194,1852.27,23.22,20.15,23.8,55.31,117.32,1,1336,1
195,1852.27,23.22,20.15,23.8,55.31,117.32,1,1336,1
196,1852.27,23.22,20.15,23.8,55.31,117.32,1,1336,1
197,1852.27,23.22,20.15,23.8,55.31,117.32,1,1336,1
198,1852.27,23.22,20.15,23.8,55.31,117.32,1,1336,1
199,1852.27,23.22,20.15,23.8,55.31,117.32,1,1336,1
200,1852.27,23.22,20.15,23.8,55.31,117.32,1,1336,1
10001,250,3,1,5,3,30.72,1,1,1
10002,257,3,1,5,4,32.64,1,1,1
10003,264,3,1,5,4,32.64,1,1,1
10004,270,3,1,5,5,32.64,1,1,1
10005,277,3,1,6,5,32.64,1,1,1
10006,283,3,1,6,5,34.56,1,1,1
10007,290,3,2,6,6,34.56,1,1,1
10008,296,3,2,6,6,34.56,1,1,1
10009,303,3,2,6,7,34.56,1,1,1
10010,310,4,2,6,7,36.48,1,1,1
10011,316,4,2,7,7,36.48,1,1,1
10012,323,4,2,7,8,36.48,1,1,1
10013,329,4,2,7,8,36.48,1,1,1
10014,336,4,2,7,8,38.4,1,1,1
10015,342,4,2,7,9,38.4,1,1,1
10016,349,4,2,7,9,38.4,1,1,1
10017,356,4,2,7,10,38.4,1,1,1
10018,362,4,3,8,10,40.32,1,1,1
10019,369,4,3,8,10,40.32,1,1,1
10020,375,4,3,8,11,40.32,1,1,1
10021,382,4,3,8,11,40.32,1,1,1
10022,388,4,3,8,12,42.24,1,1,1
10023,395,4,3,8,12,42.24,1,1,1
10024,401,4,3,8,12,42.24,1,1,1
10025,408,4,3,9,13,42.24,1,1,1
10026,415,5,3,9,13,44.16,1,1,1
10027,421,5,3,9,13,44.16,1,1,1
10028,428,5,3,9,14,44.16,1,1,1
10029,434,5,4,9,14,44.16,1,1,1
10030,441,5,4,9,15,46.08,1,1,1
10031,447,5,4,10,15,46.08,1,1,1
10032,454,5,4,10,15,46.08,1,1,1
10033,461,5,4,10,16,46.08,1,1,1
10034,467,5,4,10,16,46.08,1,1,1
10035,474,5,4,10,17,48,1,1,1
10036,480,5,4,10,17,48,1,1,1
10037,487,5,4,10,17,48,1,1,1
10038,493,5,4,11,18,48,1,1,1
10039,500,5,4,11,18,49.92,1,1,1
10040,507,5,5,11,18,49.92,1,1,1
10041,513,5,5,11,19,49.92,1,1,1
10042,520,5,5,11,19,49.92,1,1,1
10043,526,6,5,11,20,51.84,1,1,1
10044,533,6,5,11,20,51.84,1,1,1
10045,539,6,5,12,20,51.84,1,1,1
10046,546,6,5,12,21,51.84,1,1,1
10047,552,6,5,12,21,53.76,1,1,1
10048,559,6,5,12,22,53.76,1,1,1
10049,566,6,5,12,22,53.76,1,1,1
10050,572,6,5,12,22,53.76,1,1,1
10051,579,6,6,13,23,55.68,1,1,1
10052,585,6,6,13,23,55.68,1,1,1
10053,592,6,6,13,23,55.68,1,1,1
10054,598,6,6,13,24,55.68,1,1,1
10055,605,6,6,13,24,57.6,1,1,1
10056,612,6,6,13,25,57.6,1,1,1
10057,618,6,6,13,25,57.6,1,1,1
10058,625,6,6,14,25,57.6,1,1,1
10059,631,6,6,14,26,59.52,1,1,1
10060,638,7,6,14,26,59.52,1,1,1
10061,644,7,6,14,26,59.52,1,1,1
10062,651,7,6,14,27,59.52,1,1,1
10063,658,7,7,14,27,61.44,1,1,1
10064,664,7,7,15,28,61.44,1,1,1
10065,671,7,7,15,28,61.44,1,1,1
10066,677,7,7,15,28,61.44,1,1,1
10067,684,7,7,15,29,61.44,1,1,1
10068,690,7,7,15,29,63.36,1,1,1
10069,697,7,7,15,30,63.36,1,1,1
10070,703,7,7,15,30,63.36,1,1,1
10071,710,7,7,16,30,63.36,1,1,1
10072,717,7,7,16,31,65.28,1,1,1
10073,723,7,7,16,31,65.28,1,1,1
10074,730,7,8,16,31,65.28,1,1,1
10075,736,7,8,16,32,65.28,1,1,1
10076,743,8,8,16,32,67.2,1,1,1
10077,749,8,8,16,33,67.2,1,1,1
10078,756,8,8,17,33,67.2,1,1,1
10079,763,8,8,17,33,67.2,1,1,1
10080,769,8,8,17,34,69.12,1,1,1
10081,776,8,8,17,34,69.12,1,1,1
10082,782,8,8,17,35,69.12,1,1,1
10083,789,8,8,17,35,69.12,1,1,1
10084,795,8,8,18,35,71.04,1,1,1
10085,802,8,9,18,36,71.04,1,1,1
10086,809,8,9,18,36,71.04,1,1,1
10087,815,8,9,18,36,71.04,1,1,1
10088,822,8,9,18,37,72.96,1,1,1
10089,828,8,9,18,37,72.96,1,1,1
10090,835,8,9,18,38,72.96,1,1,1
10091,841,8,9,19,38,72.96,1,1,1
10092,848,8,9,19,38,74.88,1,1,1
10093,854,9,9,19,39,74.88,1,1,1
10094,861,9,9,19,39,74.88,1,1,1
10095,868,9,9,19,40,74.88,1,1,1
10096,874,9,10,19,40,74.88,1,1,1
10097,881,9,10,19,40,76.8,1,1,1
10098,887,9,10,20,41,76.8,1,1,1
10099,894,9,10,20,41,76.8,1,1,1
10100,900,9,10,20,41,76.8,1,1,1
20001,226.8,6.94,2.14,3.33,3,30.72,1,1,1
20002,246.33,7.14,2.57,4,4,32.64,1,1,1
20003,246.33,7.34,2.57,4,4,32.64,1,1,1
20004,246.33,7.41,2.57,4,5,32.64,1,1,1
20005,246.33,7.61,3,4.67,5,32.64,1,1,1
20006,260.82,7.68,3,4.67,5,34.56,1,1,1
20007,266.49,7.89,3,4.67,6,34.56,1,1,1
20008,266.49,7.97,3.43,5.33,6,34.56,1,1,1
20009,266.49,8.18,3.43,5.33,7,34.56,1,1,1
20010,281.29,8.25,3.43,5.33,7,36.48,1,1,1
20011,281.29,8.46,3.86,6,7,36.48,1,1,1
20012,281.29,8.68,3.86,6,8,36.48,1,1,1
20013,287.28,8.76,3.86,6,8,36.48,1,1,1
20014,302.4,8.98,3.86,6,8,38.4,1,1,1
20015,302.4,9.06,4.29,6.67,9,38.4,1,1,1
20016,302.4,9.28,4.29,6.67,9,38.4,1,1,1
20017,302.4,9.36,4.29,6.67,10,38.4,1,1,1
20018,324.14,9.59,4.71,7.33,10,40.32,1,1,1
20019,324.14,9.67,4.71,7.33,10,40.32,1,1,1
20020,324.14,9.9,4.71,7.33,11,40.32,1,1,1
20021,324.14,10.13,5.14,8,11,40.32,1,1,1
20022,339.57,10.22,5.14,8,12,42.24,1,1,1
20023,339.57,10.46,5.14,8,12,42.24,1,1,1
20024,346.5,10.54,5.14,8,12,42.24,1,1,1
20025,346.5,10.78,5.57,8.67,13,42.24,1,1,1
20026,362.25,10.87,5.57,8.67,13,44.16,1,1,1
20027,362.25,11.11,5.57,8.67,13,44.16,1,1,1
20028,362.25,11.2,6,9.33,14,44.16,1,1,1
20029,369.5,11.45,6,9.33,14,44.16,1,1,1
20030,385.56,11.7,6,9.33,15,46.08,1,1,1
20031,385.56,11.79,6.43,10,15,46.08,1,1,1
20032,385.56,12.05,6.43,10,15,46.08,1,1,1
20033,385.56,12.14,6.43,10,16,46.08,1,1,1
20034,385.56,12.39,6.43,10,16,46.08,1,1,1
20035,409.5,12.49,6.86,10.67,17,48,1,1,1
20036,409.5,12.75,6.86,10.67,17,48,1,1,1
20037,409.5,12.84,6.86,10.67,17,48,1,1,1
20038,409.5,13.11,7.29,11.33,18,48,1,1,1
20039,425.88,13.38,7.29,11.33,18,49.92,1,1,1
20040,434.07,13.47,7.29,11.33,18,49.92,1,1,1
20041,434.07,13.75,7.71,12,19,49.92,1,1,1
20042,434.07,13.84,7.71,12,19,49.92,1,1,1
20043,450.77,14.12,7.71,12,20,51.84,1,1,1
20044,450.77,14.22,8.14,12.67,20,51.84,1,1,1
20045,450.77,14.5,8.14,12.67,20,51.84,1,1,1
20046,459.27,14.6,8.14,12.67,21,51.84,1,1,1
20047,476.28,14.88,8.14,12.67,21,53.76,1,1,1
20048,476.28,15.17,8.57,13.33,22,53.76,1,1,1
20049,476.28,15.27,8.57,13.33,22,53.76,1,1,1
20050,476.28,15.56,8.57,13.33,22,53.76,1,1,1
20051,502.42,15.56,9,14,23,55.68,1,1,1
20052,502.42,15.75,9,14,23,55.68,1,1,1
20053,502.42,15.75,9,14,23,55.68,1,1,1
20054,502.42,15.94,9.43,14.67,24,55.68,1,1,1
20055,519.75,15.94,9.43,14.67,24,57.6,1,1,1
20056,519.75,16.13,9.43,14.67,25,57.6,1,1,1
20057,529.2,16.31,9.43,14.67,25,57.6,1,1,1
20058,529.2,16.31,9.86,15.33,25,57.6,1,1,1
20059,546.84,16.5,9.86,15.33,26,59.52,1,1,1
20060,546.84,16.5,9.86,15.33,26,59.52,1,1,1
20061,546.84,16.69,10.29,16,26,59.52,1,1,1
20062,556.61,16.69,10.29,16,27,59.52,1,1,1
20063,574.56,16.88,10.29,16,27,61.44,1,1,1
20064,574.56,16.88,10.71,16.67,28,61.44,1,1,1
20065,574.56,17.06,10.71,16.67,28,61.44,1,1,1
20066,574.56,17.25,10.71,16.67,28,61.44,1,1,1
20067,574.56,17.25,10.71,16.67,29,61.44,1,1,1
20068,602.91,17.44,11.14,17.33,29,63.36,1,1,1
20069,602.91,17.44,11.14,17.33,30,63.36,1,1,1
20070,602.91,17.63,11.14,17.33,30,63.36,1,1,1
20071,602.91,17.63,11.57,18,30,63.36,1,1,1
20072,621.18,17.81,11.57,18,31,65.28,1,1,1
20073,631.89,17.81,11.57,18,31,65.28,1,1,1
20074,631.89,18,12,18.67,31,65.28,1,1,1
20075,631.89,18.19,12,18.67,32,65.28,1,1,1
20076,650.47,18.19,12,18.67,32,67.2,1,1,1
20077,650.47,18.38,12.43,19.33,33,67.2,1,1,1
20078,650.47,18.38,12.43,19.33,33,67.2,1,1,1
20079,661.5,18.56,12.43,19.33,33,67.2,1,1,1
20080,680.4,18.56,12.43,19.33,34,69.12,1,1,1
20081,680.4,18.75,12.86,20,34,69.12,1,1,1
20082,680.4,18.75,12.86,20,35,69.12,1,1,1
20083,680.4,18.94,12.86,20,35,69.12,1,1,1
20084,710.95,19.12,13.29,20.67,35,71.04,1,1,1
20085,710.95,19.12,13.29,20.67,36,71.04,1,1,1
20086,710.95,19.31,13.29,20.67,36,71.04,1,1,1
20087,710.95,19.31,13.71,21.33,36,71.04,1,1,1
20088,730.17,19.5,13.71,21.33,37,72.96,1,1,1
20089,730.17,19.5,13.71,21.33,37,72.96,1,1,1
20090,742.14,19.69,13.71,21.33,38,72.96,1,1,1
20091,742.14,19.69,14.14,22,38,72.96,1,1,1
20092,761.67,19.88,14.14,22,38,74.88,1,1,1
20093,761.67,20.06,14.14,22,39,74.88,1,1,1
20094,761.67,20.06,14.57,22.67,39,74.88,1,1,1
20095,773.96,20.25,14.57,22.67,40,74.88,1,1,1
20096,773.96,20.25,14.57,22.67,40,74.88,1,1,1
20097,793.8,20.44,15,23.33,40,76.8,1,1,1
20098,793.8,20.44,15,23.33,41,76.8,1,1,1
20099,793.8,20.63,15,23.33,41,76.8,1,1,1
20100,793.8,20.63,15,23.33,41,76.8,1,1,1
20101,810.86,20.67,15.08,23.45,42,77.14,1,1,1
20102,827.92,20.71,15.16,23.57,42,77.48,1,1,1
20103,844.99,20.76,15.24,23.68,43,77.83,1,1,1
20104,862.05,20.8,15.32,23.8,43,78.17,1,1,1
20105,879.11,20.84,15.4,23.92,43,78.51,1,1,1
20106,896.17,20.89,15.48,24.03,44,78.85,1,1,1
20107,913.23,20.93,15.56,24.15,44,79.19,1,1,1
20108,930.3,20.98,15.64,24.27,44,79.54,1,1,1
20109,947.36,21.02,15.72,24.38,45,79.88,1,1,1
20110,964.42,21.06,15.8,24.5,45,80.22,1,1,1
20111,981.48,21.11,15.88,24.62,46,80.56,1,1,1
20112,998.54,21.15,15.96,24.73,46,80.9,1,1,1
20113,1015.61,21.19,16.04,24.85,46,81.25,1,1,1
20114,1032.67,21.24,16.12,24.97,47,81.59,1,1,1
20115,1049.73,21.28,16.2,25.08,47,81.93,1,1,1
20116,1066.79,21.33,16.28,25.2,48,82.27,1,1,1
20117,1083.85,21.37,16.36,25.32,48,82.61,1,1,1
20118,1100.92,21.41,16.44,25.43,48,82.96,1,1,1
20119,1117.98,21.46,16.52,25.55,49,83.3,1,1,1
20120,1135.04,21.5,16.6,25.67,49,83.64,1,1,1
20121,1152.1,21.54,16.68,25.78,49,83.98,1,1,1
20122,1169.16,21.59,16.76,25.9,50,84.32,1,1,1
20123,1186.23,21.63,16.84,26.02,50,84.67,1,1,1
20124,1203.29,21.68,16.92,26.13,51,85.01,1,1,1
20125,1220.35,21.72,17,26.25,51,85.35,1,1,1
20126,1237.41,21.76,17.08,26.37,51,85.69,1,1,1
20127,1254.47,21.81,17.16,26.48,52,86.03,1,1,1
20128,1271.54,21.85,17.24,26.6,52,86.38,1,1,1
20129,1288.6,21.89,17.32,26.72,53,86.72,1,1,1
20130,1305.66,21.94,17.4,26.83,53,87.06,1,1,1
20131,1322.72,21.98,17.48,26.95,53,87.4,1,1,1
20132,1339.78,22.03,17.56,27.07,54,87.74,1,1,1
20133,1356.85,22.07,17.64,27.18,54,88.09,1,1,1
20134,1373.91,22.11,17.72,27.3,54,88.43,1,1,1
20135,1390.97,22.16,17.8,27.42,55,88.77,1,1,1
20136,1408.03,22.2,17.88,27.53,55,89.11,1,1,1
20137,1425.09,22.24,17.96,27.65,56,89.45,1,1,1
20138,1442.16,22.29,18.04,27.77,56,89.8,1,1,1
20139,1459.22,22.33,18.12,27.88,56,90.14,1,1,1
20140,1476.28,22.38,18.2,28,57,90.48,1,1,1
20141,1493.34,22.42,18.28,28.12,57,90.82,1,1,1
20142,1510.4,22.46,18.36,28.23,58,91.16,1,1,1
20143,1527.47,22.51,18.44,28.35,58,91.51,1,1,1
20144,1544.53,22.55,18.52,28.47,58,91.85,1,1,1
20145,1561.59,22.59,18.6,28.58,59,92.19,1,1,1
20146,1578.65,22.64,18.68,28.7,59,92.53,1,1,1
20147,1595.71,22.68,18.76,28.82,59,92.87,1,1,1
20148,1612.78,22.73,18.84,28.93,60,93.22,1,1,1
20149,1629.84,22.77,18.92,29.05,60,93.56,1,1,1
20150,1646.9,22.81,19,29.17,61,93.9,1,1,1
20151,1663.96,22.86,19.08,29.28,61,94.24,1,1,1
20152,1681.02,22.9,19.16,29.4,61,94.58,1,1,1
20153,1698.09,22.94,19.24,29.52,62,94.93,1,1,1
20154,1715.15,22.99,19.32,29.63,62,95.27,1,1,1
20155,1732.21,23.03,19.4,29.75,62,95.61,1,1,1
20156,1749.27,23.08,19.48,29.87,63,95.95,1,1,1
20157,1766.33,23.12,19.56,29.98,63,96.29,1,1,1
20158,1783.4,23.16,19.64,30.1,64,96.64,1,1,1
20159,1800.46,23.21,19.72,30.22,64,96.98,1,1,1
20160,1817.52,23.25,19.8,30.33,64,97.32,1,1,1
20161,1834.58,23.29,19.88,30.45,65,97.66,1,1,1
20162,1851.64,23.34,19.96,30.57,65,98,1,1,1
20163,1868.71,23.38,20.04,30.68,66,98.35,1,1,1
20164,1885.77,23.43,20.12,30.8,66,98.69,1,1,1
20165,1902.83,23.47,20.2,30.92,66,99.03,1,1,1
20166,1919.89,23.51,20.28,31.03,67,99.37,1,1,1
20167,1936.95,23.56,20.36,31.15,67,99.71,1,1,1
20168,1954.02,23.6,20.44,31.27,67,100.06,1,1,1
20169,1971.08,23.64,20.52,31.38,68,100.4,1,1,1
20170,1988.14,23.69,20.6,31.5,68,100.74,1,1,1
20171,2005.2,23.73,20.68,31.62,69,101.08,1,1,1
20172,2022.26,23.78,20.76,31.73,69,101.42,1,1,1
20173,2039.33,23.82,20.84,31.85,69,101.77,1,1,1
20174,2056.39,23.86,20.92,31.97,70,102.11,1,1,1
20175,2073.45,23.91,21,32.08,70,102.45,1,1,1
20176,2090.51,23.95,21.08,32.2,71,102.79,1,1,1
20177,2107.57,23.99,21.16,32.32,71,103.13,1,1,1
20178,2124.64,24.04,21.24,32.43,71,103.48,1,1,1
20179,2141.7,24.08,21.32,32.55,72,103.82,1,1,1
20180,2158.76,24.13,21.4,32.67,72,104.16,1,1,1
20181,2175.82,24.17,21.48,32.78,72,104.5,1,1,1
20182,2192.88,24.21,21.56,32.9,73,104.84,1,1,1
20183,2209.95,24.26,21.64,33.02,73,105.19,1,1,1
20184,2227.01,24.3,21.72,33.13,74,105.53,1,1,1
20185,2244.07,24.34,21.8,33.25,74,105.87,1,1,1
20186,2261.13,24.39,21.88,33.37,74,106.21,1,1,1
20187,2278.19,24.43,21.96,33.48,75,106.55,1,1,1
20188,2295.26,24.48,22.04,33.6,75,106.9,1,1,1
20189,2312.32,24.52,22.12,33.72,76,107.24,1,1,1
20190,2329.38,24.56,22.2,33.83,76,107.58,1,1,1
20191,2346.44,24.61,22.28,33.95,76,107.92,1,1,1
20192,2363.5,24.65,22.36,34.07,77,108.26,1,1,1
20193,2380.57,24.69,22.44,34.18,77,108.61,1,1,1
20194,2397.63,24.74,22.52,34.3,77,108.95,1,1,1
20195,2414.69,24.78,22.6,34.42,78,109.29,1,1,1
20196,2431.75,24.83,22.68,34.53,78,109.63,1,1,1
20197,2448.81,24.87,22.76,34.65,79,109.97,1,1,1
20198,2465.88,24.91,22.84,34.77,79,110.32,1,1,1
20199,2482.94,24.96,22.92,34.88,79,110.66,1,1,1
20200,2500,25,23,35,80,111,1,1,1
30001,226.8,6.94,2.14,3.33,3,30.72,1,336,1
30002,246.33,7.14,2.57,4,4,32.64,1,343,1
30003,246.33,7.34,2.57,4,4,32.64,1,349,1
30004,246.33,7.41,2.57,4,5,32.64,1,356,1
30005,246.33,7.61,3,4.67,5,32.64,1,363,1
30006,260.82,7.68,3,4.67,5,34.56,1,370,1
30007,266.49,7.89,3,4.67,6,34.56,1,376,1
30008,266.49,7.97,3.43,5.33,6,34.56,1,383,1
30009,266.49,8.18,3.43,5.33,7,34.56,1,390,1
30010,281.29,8.25,3.43,5.33,7,36.48,1,396,1
30011,281.29,8.46,3.86,6,7,36.48,1,403,1
30012,281.29,8.68,3.86,6,8,36.48,1,410,1
30013,287.28,8.76,3.86,6,8,36.48,1,417,1
30014,302.4,8.98,3.86,6,8,38.4,1,423,1
30015,302.4,9.06,4.29,6.67,9,38.4,1,430,1
30016,302.4,9.28,4.29,6.67,9,38.4,1,437,1
30017,302.4,9.36,4.29,6.67,10,38.4,1,443,1
30018,324.14,9.59,4.71,7.33,10,40.32,1,450,1
30019,324.14,9.67,4.71,7.33,10,40.32,1,457,1
30020,324.14,9.9,4.71,7.33,11,40.32,1,464,1
30021,324.14,10.13,5.14,8,11,40.32,1,470,1
30022,339.57,10.22,5.14,8,12,42.24,1,477,1
30023,339.57,10.46,5.14,8,12,42.24,1,484,1
30024,346.5,10.54,5.14,8,12,42.24,1,490,1
30025,346.5,10.78,5.57,8.67,13,42.24,1,497,1
30026,362.25,10.87,5.57,8.67,13,44.16,1,504,1
30027,362.25,11.11,5.57,8.67,13,44.16,1,511,1
30028,362.25,11.2,6,9.33,14,44.16,1,517,1
30029,369.5,11.45,6,9.33,14,44.16,1,524,1
30030,385.56,11.7,6,9.33,15,46.08,1,531,1
30031,385.56,11.79,6.43,10,15,46.08,1,537,1
30032,385.56,12.05,6.43,10,15,46.08,1,544,1
30033,385.56,12.14,6.43,10,16,46.08,1,551,1
30034,385.56,12.39,6.43,10,16,46.08,1,558,1
30035,409.5,12.49,6.86,10.67,17,48,1,564,1
30036,409.5,12.75,6.86,10.67,17,48,1,571,1
30037,409.5,12.84,6.86,10.67,17,48,1,578,1
30038,409.5,13.11,7.29,11.33,18,48,1,584,1
30039,425.88,13.38,7.29,11.33,18,49.92,1,591,1
30040,434.07,13.47,7.29,11.33,18,49.92,1,598,1
30041,434.07,13.75,7.71,12,19,49.92,1,605,1
30042,434.07,13.84,7.71,12,19,49.92,1,611,1
30043,450.77,14.12,7.71,12,20,51.84,1,618,1
30044,450.77,14.22,8.14,12.67,20,51.84,1,625,1
30045,450.77,14.5,8.14,12.67,20,51.84,1,631,1
30046,459.27,14.6,8.14,12.67,21,51.84,1,638,1
30047,476.28,14.88,8.14,12.67,21,53.76,1,645,1
30048,476.28,15.17,8.57,13.33,22,53.76,1,652,1
30049,476.28,15.27,8.57,13.33,22,53.76,1,658,1
30050,476.28,15.56,8.57,13.33,22,53.76,1,665,1
30051,502.42,15.56,9,14,23,55.68,1,672,1
30052,502.42,15.75,9,14,23,55.68,1,678,1
30053,502.42,15.75,9,14,23,55.68,1,685,1
30054,502.42,15.94,9.43,14.67,24,55.68,1,692,1
30055,519.75,15.94,9.43,14.67,24,57.6,1,698,1
30056,519.75,16.13,9.43,14.67,25,57.6,1,705,1
30057,529.2,16.31,9.43,14.67,25,57.6,1,712,1
30058,529.2,16.31,9.86,15.33,25,57.6,1,719,1
30059,546.84,16.5,9.86,15.33,26,59.52,1,725,1
30060,546.84,16.5,9.86,15.33,26,59.52,1,732,1
30061,546.84,16.69,10.29,16,26,59.52,1,739,1
30062,556.61,16.69,10.29,16,27,59.52,1,745,1
30063,574.56,16.88,10.29,16,27,61.44,1,752,1
30064,574.56,16.88,10.71,16.67,28,61.44,1,759,1
30065,574.56,17.06,10.71,16.67,28,61.44,1,766,1
30066,574.56,17.25,10.71,16.67,28,61.44,1,772,1
30067,574.56,17.25,10.71,16.67,29,61.44,1,779,1
30068,602.91,17.44,11.14,17.33,29,63.36,1,786,1
30069,602.91,17.44,11.14,17.33,30,63.36,1,792,1
30070,602.91,17.63,11.14,17.33,30,63.36,1,799,1
30071,602.91,17.63,11.57,18,30,63.36,1,806,1
30072,621.18,17.81,11.57,18,31,65.28,1,813,1
30073,631.89,17.81,11.57,18,31,65.28,1,819,1
30074,631.89,18,12,18.67,31,65.28,1,826,1
30075,631.89,18.19,12,18.67,32,65.28,1,833,1
30076,650.47,18.19,12,18.67,32,67.2,1,839,1
30077,650.47,18.38,12.43,19.33,33,67.2,1,846,1
30078,650.47,18.38,12.43,19.33,33,67.2,1,853,1
30079,661.5,18.56,12.43,19.33,33,67.2,1,860,1
30080,680.4,18.56,12.43,19.33,34,69.12,1,866,1
30081,680.4,18.75,12.86,20,34,69.12,1,873,1
30082,680.4,18.75,12.86,20,35,69.12,1,880,1
30083,680.4,18.94,12.86,20,35,69.12,1,886,1
30084,710.95,19.12,13.29,20.67,35,71.04,1,893,1
30085,710.95,19.12,13.29,20.67,36,71.04,1,900,1
30086,710.95,19.31,13.29,20.67,36,71.04,1,907,1
30087,710.95,19.31,13.71,21.33,36,71.04,1,913,1
30088,730.17,19.5,13.71,21.33,37,72.96,1,920,1
30089,730.17,19.5,13.71,21.33,37,72.96,1,927,1
30090,742.14,19.69,13.71,21.33,38,72.96,1,933,1
30091,742.14,19.69,14.14,22,38,72.96,1,940,1
30092,761.67,19.88,14.14,22,38,74.88,1,947,1
30093,761.67,20.06,14.14,22,39,74.88,1,954,1
30094,761.67,20.06,14.57,22.67,39,74.88,1,960,1
30095,773.96,20.25,14.57,22.67,40,74.88,1,967,1
30096,773.96,20.25,14.57,22.67,40,74.88,1,974,1
30097,793.8,20.44,15,23.33,40,76.8,1,980,1
30098,793.8,20.44,15,23.33,41,76.8,1,987,1
30099,793.8,20.63,15,23.33,41,76.8,1,994,1
30100,793.8,20.63,15,23.33,41,76.8,1,1000,1
30101,830.2,20.75,15.12,23.52,41.25,77.52,1,1007,1
30102,866.6,20.88,15.24,23.7,41.49,78.25,1,1014,1
30103,902.99,21,15.36,23.89,41.74,78.98,1,1021,1
30104,939.39,21.12,15.48,24.08,41.99,79.73,1,1027,1
30105,975.79,21.25,15.6,24.26,42.24,80.47,1,1034,1
30106,1012.19,21.38,15.72,24.45,42.5,81.23,1,1041,1
30107,1048.58,21.5,15.84,24.64,42.75,81.99,1,1047,1
30108,1084.98,21.63,15.96,24.82,43.01,82.76,1,1054,1
30109,1121.38,21.76,16.08,25.01,43.27,83.54,1,1061,1
30110,1157.78,21.89,16.2,25.2,43.52,84.33,1,1068,1
30111,1161.86,22.02,16.32,25.38,43.79,85.12,1,1074,1
30112,1165.95,22.15,16.44,25.57,44.05,85.92,1,1081,1
30113,1170.04,22.28,16.56,25.76,44.31,86.72,1,1088,1
30114,1174.13,22.41,16.68,25.94,44.58,87.54,1,1094,1
30115,1178.21,22.55,16.8,26.13,44.84,88.36,1,1101,1
30116,1182.3,22.68,16.92,26.32,45.11,89.19,1,1108,1
30117,1186.39,22.81,17.04,26.5,45.38,90.03,1,1115,1
30118,1190.47,22.95,17.16,26.69,45.65,90.87,1,1121,1
30119,1194.56,23.09,17.28,26.88,45.93,91.73,1,1128,1
30120,1198.65,23.22,17.4,27.06,46.2,92.59,1,1135,1
30121,1203.24,23.22,17.52,27.25,46.48,93.46,1,1141,1
30122,1207.84,23.22,17.64,27.44,46.76,94.33,1,1148,1
30123,1212.43,23.22,17.76,27.62,47.04,95.22,1,1155,1
30124,1217.02,23.22,17.88,27.81,47.32,96.11,1,1162,1
30125,1221.62,23.22,18,28,47.6,97.02,1,1168,1
30126,1226.21,23.22,18.12,28.18,47.89,97.93,1,1175,1
30127,1230.8,23.22,18.24,28.37,48.18,98.85,1,1182,1
30128,1235.4,23.22,18.36,28.56,48.46,99.77,1,1188,1
30129,1239.99,23.22,18.48,28.74,48.76,100.71,1,1195,1
30130,1244.59,23.22,18.6,28.93,49.05,101.66,1,1202,1
30131,1249.26,23.22,18.72,29.12,49.34,102.61,1,1209,1
30132,1253.94,23.22,18.84,29.3,49.64,103.57,1,1215,1
30133,1258.62,23.22,18.96,29.49,49.94,104.55,1,1222,1
30134,1263.29,23.22,19.08,29.68,50.24,105.53,1,1229,1
30135,1267.97,23.22,19.2,29.86,50.54,106.52,1,1235,1
30136,1272.65,23.22,19.32,30.05,50.84,107.52,1,1242,1
30137,1277.32,23.22,19.44,30.24,51.15,108.53,1,1249,1
30138,1282,23.22,19.56,30.42,51.46,109.55,1,1256,1
30139,1286.68,23.22,19.68,30.61,51.76,110.57,1,1262,1
30140,1291.35,23.22,19.8,30.8,52.08,111.61,1,1269,1
30141,1304.7,23.22,19.92,30.98,52.08,112.17,1,1276,1
30142,1318.05,23.22,20.04,31.17,52.08,112.73,1,1282,1
30143,1331.39,23.22,20.16,31.36,52.08,113.29,1,1289,1
30144,1344.74,23.22,20.28,31.54,52.08,113.86,1,1296,1
30145,1358.09,23.22,20.4,31.73,52.08,114.43,1,1303,1
30146,1371.44,23.22,20.52,31.92,52.08,115,1,1309,1
30147,1384.78,23.22,20.64,32.1,52.08,115.58,1,1316,1
30148,1398.13,23.22,20.76,32.29,52.08,116.16,1,1323,1
30149,1411.48,23.22,20.88,32.48,52.08,116.74,1,1329,1
30150,1424.82,23.22,21,32.66,55.31,117.32,1,1336,1
30151,1424.82,23.22,21,32.66,55.31,117.32,1,1336,1
30152,1424.82,23.22,21,32.66,55.31,117.32,1,1336,1
30153,1424.82,23.22,21,32.66,55.31,117.32,1,1336,1
30154,1424.82,23.22,21,32.66,55.31,117.32,1,1336,1
30155,1424.82,23.22,21,32.66,55.31,117.32,1,1336,1
30156,1424.82,23.22,21,32.66,55.31,117.32,1,1336,1
30157,1424.82,23.22,21,32.66,55.31,117.32,1,1336,1
30158,1424.82,23.22,21,32.66,55.31,117.32,1,1336,1
30159,1424.82,23.22,21,32.66,55.31,117.32,1,1336,1
30160,1424.82,23.22,21,32.66,55.31,117.32,1,1336,1
30161,1424.82,23.22,21,32.66,55.31,117.32,1,1336,1
30162,1424.82,23.22,21,32.66,55.31,117.32,1,1336,1
30163,1424.82,23.22,21,32.66,55.31,117.32,1,1336,1
30164,1424.82,23.22,21,32.66,55.31,117.32,1,1336,1
30165,1424.82,23.22,21,32.66,55.31,117.32,1,1336,1
30166,1424.82,23.22,21,32.66,55.31,117.32,1,1336,1
30167,1424.82,23.22,21,32.66,55.31,117.32,1,1336,1
30168,1424.82,23.22,21,32.66,55.31,117.32,1,1336,1
30169,1424.82,23.22,21,32.66,55.31,117.32,1,1336,1
30170,1424.82,23.22,21,32.66,55.31,117.32,1,1336,1
30171,1424.82,23.22,21,32.66,55.31,117.32,1,1336,1
30172,1424.82,23.22,21,32.66,55.31,117.32,1,1336,1
30173,1424.82,23.22,21,32.66,55.31,117.32,1,1336,1
30174,1424.82,23.22,21,32.66,55.31,117.32,1,1336,1
30175,1424.82,23.22,21,32.66,55.31,117.32,1,1336,1
30176,1424.82,23.22,21,32.66,55.31,117.32,1,1336,1
30177,1424.82,23.22,21,32.66,55.31,117.32,1,1336,1
30178,1424.82,23.22,21,32.66,55.31,117.32,1,1336,1
30179,1424.82,23.22,21,32.66,55.31,117.32,1,1336,1
30180,1424.82,23.22,21,32.66,55.31,117.32,1,1336,1
30181,1424.82,23.22,21,32.66,55.31,117.32,1,1336,1
30182,1424.82,23.22,21,32.66,55.31,117.32,1,1336,1
30183,1424.82,23.22,21,32.66,55.31,117.32,1,1336,1
30184,1424.82,23.22,21,32.66,55.31,117.32,1,1336,1
30185,1424.82,23.22,21,32.66,55.31,117.32,1,1336,1
30186,1424.82,23.22,21,32.66,55.31,117.32,1,1336,1
30187,1424.82,23.22,21,32.66,55.31,117.32,1,1336,1
30188,1424.82,23.22,21,32.66,55.31,117.32,1,1336,1
30189,1424.82,23.22,21,32.66,55.31,117.32,1,1336,1
30190,1424.82,23.22,21,32.66,55.31,117.32,1,1336,1
30191,1424.82,23.22,21,32.66,55.31,117.32,1,1336,1
30192,1424.82,23.22,21,32.66,55.31,117.32,1,1336,1
30193,1424.82,23.22,21,32.66,55.31,117.32,1,1336,1
30194,1424.82,23.22,21,32.66,55.31,117.32,1,1336,1
30195,1424.82,23.22,21,32.66,55.31,117.32,1,1336,1
30196,1424.82,23.22,21,32.66,55.31,117.32,1,1336,1
30197,1424.82,23.22,21,32.66,55.31,117.32,1,1336,1
30198,1424.82,23.22,21,32.66,55.31,117.32,1,1336,1
30199,1424.82,23.22,21,32.66,55.31,117.32,1,1336,1
30200,1424.82,23.22,21,32.66,55.31,117.32,1,1336,1
40001,22.68,6.94,2.14,3.33,3,30.72,1,336,1
40002,25.75,7.14,2.57,4,4,32.64,1,343,1
40003,28.82,7.34,2.57,4,4,32.64,1,349,1
40004,31.89,7.41,2.57,4,5,32.64,1,356,1
40005,34.97,7.61,3,4.67,5,32.64,1,363,1
40006,38.04,7.68,3,4.67,5,34.56,1,370,1
40007,41.11,7.89,3,4.67,6,34.56,1,376,1
40008,44.18,7.97,3.43,5.33,6,34.56,1,383,1
40009,47.25,8.18,3.43,5.33,7,34.56,1,390,1
40010,50.32,8.25,3.43,5.33,7,36.48,1,396,1
40011,53.39,8.46,3.86,6,7,36.48,1,403,1
40012,56.46,8.68,3.86,6,8,36.48,1,410,1
40013,59.54,8.76,3.86,6,8,36.48,1,417,1
40014,62.61,8.98,3.86,6,8,38.4,1,423,1
40015,65.68,9.06,4.29,6.67,9,38.4,1,430,1
40016,68.75,9.28,4.29,6.67,9,38.4,1,437,1
40017,71.82,9.36,4.29,6.67,10,38.4,1,443,1
40018,74.89,9.59,4.71,7.33,10,40.32,1,450,1
40019,77.96,9.67,4.71,7.33,10,40.32,1,457,1
40020,81.04,9.9,4.71,7.33,11,40.32,1,464,1
40021,83.63,10.13,5.14,8,11,40.32,1,470,1
40022,86.22,10.22,5.14,8,12,42.24,1,477,1
40023,88.81,10.46,5.14,8,12,42.24,1,484,1
40024,91.4,10.54,5.14,8,12,42.24,1,490,1
40025,93.99,10.78,5.57,8.67,13,42.24,1,497,1
40026,96.58,10.87,5.57,8.67,13,44.16,1,504,1
40027,99.17,11.11,5.57,8.67,13,44.16,1,511,1
40028,101.76,11.2,6,9.33,14,44.16,1,517,1
40029,104.35,11.45,6,9.33,14,44.16,1,524,1
40030,106.94,11.7,6,9.33,15,46.08,1,531,1
40031,109.53,11.79,6.43,10,15,46.08,1,537,1
40032,112.13,12.05,6.43,10,15,46.08,1,544,1
40033,114.72,12.14,6.43,10,16,46.08,1,551,1
40034,117.31,12.39,6.43,10,16,46.08,1,558,1
40035,119.9,12.49,6.86,10.67,17,48,1,564,1
40036,122.49,12.75,6.86,10.67,17,48,1,571,1
40037,125.08,12.84,6.86,10.67,17,48,1,578,1
40038,127.67,13.11,7.29,11.33,18,48,1,584,1
40039,130.26,13.38,7.29,11.33,18,49.92,1,591,1
40040,132.85,13.47,7.29,11.33,18,49.92,1,598,1
40041,135.44,13.75,7.71,12,19,49.92,1,605,1
40042,138.03,13.84,7.71,12,19,49.92,1,611,1
40043,140.62,14.12,7.71,12,20,51.84,1,618,1
40044,143.22,14.22,8.14,12.67,20,51.84,1,625,1
40045,145.81,14.5,8.14,12.67,20,51.84,1,631,1
40046,148.4,14.6,8.14,12.67,21,51.84,1,638,1
40047,150.99,14.88,8.14,12.67,21,53.76,1,645,1
40048,153.58,15.17,8.57,13.33,22,53.76,1,652,1
40049,156.17,15.27,8.57,13.33,22,53.76,1,658,1
40050,158.76,15.56,8.57,13.33,22,53.76,1,665,1
40051,164.81,15.56,9,14,23,55.68,1,672,1
40052,170.86,15.75,9,14,23,55.68,1,678,1
40053,176.9,15.75,9,14,23,55.68,1,685,1
40054,182.95,15.94,9.43,14.67,24,55.68,1,692,1
40055,189,15.94,9.43,14.67,24,57.6,1,698,1
40056,195.05,16.13,9.43,14.67,25,57.6,1,705,1
40057,201.1,16.31,9.43,14.67,25,57.6,1,712,1
40058,207.14,16.31,9.86,15.33,25,57.6,1,719,1
40059,213.19,16.5,9.86,15.33,26,59.52,1,725,1
40060,219.24,16.5,9.86,15.33,26,59.52,1,732,1
40061,225.29,16.69,10.29,16,26,59.52,1,739,1
40062,231.34,16.69,10.29,16,27,59.52,1,745,1
40063,237.38,16.88,10.29,16,27,61.44,1,752,1
40064,243.43,16.88,10.71,16.67,28,61.44,1,759,1
40065,249.48,17.06,10.71,16.67,28,61.44,1,766,1
40066,255.53,17.25,10.71,16.67,28,61.44,1,772,1
40067,261.58,17.25,10.71,16.67,29,61.44,1,779,1
40068,267.62,17.44,11.14,17.33,29,63.36,1,786,1
40069,273.67,17.44,11.14,17.33,30,63.36,1,792,1
40070,279.72,17.63,11.14,17.33,30,63.36,1,799,1
40071,285.77,17.63,11.57,18,30,63.36,1,806,1
40072,291.82,17.81,11.57,18,31,65.28,1,813,1
40073,297.86,17.81,11.57,18,31,65.28,1,819,1
40074,303.91,18,12,18.67,31,65.28,1,826,1
40075,309.96,18.19,12,18.67,32,65.28,1,833,1
40076,316.01,18.19,12,18.67,32,67.2,1,839,1
40077,322.06,18.38,12.43,19.33,33,67.2,1,846,1
40078,328.1,18.38,12.43,19.33,33,67.2,1,853,1
40079,334.15,18.56,12.43,19.33,33,67.2,1,860,1
40080,340.2,18.56,12.43,19.33,34,69.12,1,866,1
40081,369.12,18.75,12.86,20,34,69.12,1,873,1
40082,398.03,18.75,12.86,20,35,69.12,1,880,1
40083,426.95,18.94,12.86,20,35,69.12,1,886,1
40084,455.87,19.12,13.29,20.67,35,71.04,1,893,1
40085,484.79,19.12,13.29,20.67,36,71.04,1,900,1
40086,513.7,19.31,13.29,20.67,36,71.04,1,907,1
40087,542.62,19.31,13.71,21.33,36,71.04,1,913,1
40088,571.54,19.5,13.71,21.33,37,72.96,1,920,1
40089,600.46,19.5,13.71,21.33,37,72.96,1,927,1
40090,629.37,19.69,13.71,21.33,38,72.96,1,933,1
40091,658.29,19.69,14.14,22,38,72.96,1,940,1
40092,687.21,19.88,14.14,22,38,74.88,1,947,1
40093,716.13,20.06,14.14,22,39,74.88,1,954,1
40094,745.04,20.06,14.57,22.67,39,74.88,1,960,1
40095,773.96,20.25,14.57,22.67,40,74.88,1,967,1
40096,773.96,20.25,14.57,22.67,40,74.88,1,974,1
40097,793.8,20.44,15,23.33,40,76.8,1,980,1
40098,793.8,20.44,15,23.33,41,76.8,1,987,1
40099,793.8,20.63,15,23.33,41,76.8,1,994,1
40100,793.8,20.63,15,23.33,41,76.8,1,1000,1
40101,830.2,20.75,15.12,23.52,41.25,77.52,1,1007,1
40102,866.6,20.88,15.24,23.7,41.49,78.25,1,1014,1
40103,902.99,21,15.36,23.89,41.74,78.98,1,1021,1
40104,939.39,21.12,15.48,24.08,41.99,79.73,1,1027,1
40105,975.79,21.25,15.6,24.26,42.24,80.47,1,1034,1
40106,1012.19,21.38,15.72,24.45,42.5,81.23,1,1041,1
40107,1048.58,21.5,15.84,24.64,42.75,81.99,1,1047,1
40108,1084.98,21.63,15.96,24.82,43.01,82.76,1,1054,1
40109,1121.38,21.76,16.08,25.01,43.27,83.54,1,1061,1
40110,1157.78,21.89,16.2,25.2,43.52,84.33,1,1068,1
40111,1161.86,22.02,16.32,25.38,43.79,85.12,1,1074,1
40112,1165.95,22.15,16.44,25.57,44.05,85.92,1,1081,1
40113,1170.04,22.28,16.56,25.76,44.31,86.72,1,1088,1
40114,1174.13,22.41,16.68,25.94,44.58,87.54,1,1094,1
40115,1178.21,22.55,16.8,26.13,44.84,88.36,1,1101,1
40116,1182.3,22.68,16.92,26.32,45.11,89.19,1,1108,1
40117,1186.39,22.81,17.04,26.5,45.38,90.03,1,1115,1
40118,1190.47,22.95,17.16,26.69,45.65,90.87,1,1121,1
40119,1194.56,23.09,17.28,26.88,45.93,91.73,1,1128,1
40120,1198.65,23.22,17.4,27.06,46.2,92.59,1,1135,1
40121,1203.24,23.22,17.52,27.25,46.48,93.46,1,1141,1
40122,1207.84,23.22,17.64,27.44,46.76,94.33,1,1148,1
40123,1212.43,23.22,17.76,27.62,47.04,95.22,1,1155,1
40124,1217.02,23.22,17.88,27.81,47.32,96.11,1,1162,1
40125,1221.62,23.22,18,28,47.6,97.02,1,1168,1
40126,1226.21,23.22,18.12,28.18,47.89,97.93,1,1175,1
40127,1230.8,23.22,18.24,28.37,48.18,98.85,1,1182,1
40128,1235.4,23.22,18.36,28.56,48.46,99.77,1,1188,1
40129,1239.99,23.22,18.48,28.74,48.76,100.71,1,1195,1
40130,1244.59,23.22,18.6,28.93,49.05,101.66,1,1202,1
40131,1249.26,23.22,18.72,29.12,49.34,102.61,1,1209,1
40132,1253.94,23.22,18.84,29.3,49.64,103.57,1,1215,1
40133,1258.62,23.22,18.96,29.49,49.94,104.55,1,1222,1
40134,1263.29,23.22,19.08,29.68,50.24,105.53,1,1229,1
40135,1267.97,23.22,19.2,29.86,50.54,106.52,1,1235,1
40136,1272.65,23.22,19.32,30.05,50.84,107.52,1,1242,1
40137,1277.32,23.22,19.44,30.24,51.15,108.53,1,1249,1
40138,1282,23.22,19.56,30.42,51.46,109.55,1,1256,1
40139,1286.68,23.22,19.68,30.61,51.76,110.57,1,1262,1
40140,1291.35,23.22,19.8,30.8,52.08,111.61,1,1269,1
40141,1304.7,23.22,19.92,30.98,52.08,112.17,1,1276,1
40142,1318.05,23.22,20.04,31.17,52.08,112.73,1,1282,1
40143,1331.39,23.22,20.16,31.36,52.08,113.29,1,1289,1
40144,1344.74,23.22,20.28,31.54,52.08,113.86,1,1296,1
40145,1358.09,23.22,20.4,31.73,52.08,114.43,1,1303,1
40146,1371.44,23.22,20.52,31.92,52.08,115,1,1309,1
40147,1384.78,23.22,20.64,32.1,52.08,115.58,1,1316,1
40148,1398.13,23.22,20.76,32.29,52.08,116.16,1,1323,1
40149,1411.48,23.22,20.88,32.48,52.08,116.74,1,1329,1
40150,1424.82,23.22,21,32.66,55.31,117.32,1,1336,1
40151,1424.82,23.22,21,32.66,55.31,117.32,1,1336,1
40152,1424.82,23.22,21,32.66,55.31,117.32,1,1336,1
40153,1424.82,23.22,21,32.66,55.31,117.32,1,1336,1
40154,1424.82,23.22,21,32.66,55.31,117.32,1,1336,1
40155,1424.82,23.22,21,32.66,55.31,117.32,1,1336,1
40156,1424.82,23.22,21,32.66,55.31,117.32,1,1336,1
40157,1424.82,23.22,21,32.66,55.31,117.32,1,1336,1
40158,1424.82,23.22,21,32.66,55.31,117.32,1,1336,1
40159,1424.82,23.22,21,32.66,55.31,117.32,1,1336,1
40160,1424.82,23.22,21,32.66,55.31,117.32,1,1336,1
40161,1424.82,23.22,21,32.66,55.31,117.32,1,1336,1
40162,1424.82,23.22,21,32.66,55.31,117.32,1,1336,1
40163,1424.82,23.22,21,32.66,55.31,117.32,1,1336,1
40164,1424.82,23.22,21,32.66,55.31,117.32,1,1336,1
40165,1424.82,23.22,21,32.66,55.31,117.32,1,1336,1
40166,1424.82,23.22,21,32.66,55.31,117.32,1,1336,1
40167,1424.82,23.22,21,32.66,55.31,117.32,1,1336,1
40168,1424.82,23.22,21,32.66,55.31,117.32,1,1336,1
40169,1424.82,23.22,21,32.66,55.31,117.32,1,1336,1
40170,1424.82,23.22,21,32.66,55.31,117.32,1,1336,1
40171,1424.82,23.22,21,32.66,55.31,117.32,1,1336,1
40172,1424.82,23.22,21,32.66,55.31,117.32,1,1336,1
40173,1424.82,23.22,21,32.66,55.31,117.32,1,1336,1
40174,1424.82,23.22,21,32.66,55.31,117.32,1,1336,1
40175,1424.82,23.22,21,32.66,55.31,117.32,1,1336,1
40176,1424.82,23.22,21,32.66,55.31,117.32,1,1336,1
40177,1424.82,23.22,21,32.66,55.31,117.32,1,1336,1
40178,1424.82,23.22,21,32.66,55.31,117.32,1,1336,1
40179,1424.82,23.22,21,32.66,55.31,117.32,1,1336,1
40180,1424.82,23.22,21,32.66,55.31,117.32,1,1336,1
40181,1424.82,23.22,21,32.66,55.31,117.32,1,1336,1
40182,1424.82,23.22,21,32.66,55.31,117.32,1,1336,1
40183,1424.82,23.22,21,32.66,55.31,117.32,1,1336,1
40184,1424.82,23.22,21,32.66,55.31,117.32,1,1336,1
40185,1424.82,23.22,21,32.66,55.31,117.32,1,1336,1
40186,1424.82,23.22,21,32.66,55.31,117.32,1,1336,1
40187,1424.82,23.22,21,32.66,55.31,117.32,1,1336,1
40188,1424.82,23.22,21,32.66,55.31,117.32,1,1336,1
40189,1424.82,23.22,21,32.66,55.31,117.32,1,1336,1
40190,1424.82,23.22,21,32.66,55.31,117.32,1,1336,1
40191,1424.82,23.22,21,32.66,55.31,117.32,1,1336,1
40192,1424.82,23.22,21,32.66,55.31,117.32,1,1336,1
40193,1424.82,23.22,21,32.66,55.31,117.32,1,1336,1
40194,1424.82,23.22,21,32.66,55.31,117.32,1,1336,1
40195,1424.82,23.22,21,32.66,55.31,117.32,1,1336,1
40196,1424.82,23.22,21,32.66,55.31,117.32,1,1336,1
40197,1424.82,23.22,21,32.66,55.31,117.32,1,1336,1
40198,1424.82,23.22,21,32.66,55.31,117.32,1,1336,1
40199,1424.82,23.22,21,32.66,55.31,117.32,1,1336,1
40200,1424.82,23.22,21,32.66,55.31,117.32,1,1336,1
50001,226.8,6.94,2.14,3.33,3,7.68,1,336,1
50002,246.33,7.14,2.57,4,4,7.99,1,343,1
50003,246.33,7.34,2.57,4,4,8.29,1,349,1
50004,246.33,7.41,2.57,4,5,8.6,1,356,1
50005,246.33,7.61,3,4.67,5,8.91,1,363,1
50006,260.82,7.68,3,4.67,5,9.22,1,370,1
50007,266.49,7.89,3,4.67,6,9.52,1,376,1
50008,266.49,7.97,3.43,5.33,6,9.83,1,383,1
50009,266.49,8.18,3.43,5.33,7,10.14,1,390,1
50010,281.29,8.25,3.43,5.33,7,10.44,1,396,1
50011,281.29,8.46,3.86,6,7,10.75,1,403,1
50012,281.29,8.68,3.86,6,8,11.06,1,410,1
50013,287.28,8.76,3.86,6,8,11.37,1,417,1
50014,302.4,8.98,3.86,6,8,11.67,1,423,1
50015,302.4,9.06,4.29,6.67,9,11.98,1,430,1
50016,302.4,9.28,4.29,6.67,9,12.29,1,437,1
50017,302.4,9.36,4.29,6.67,10,12.6,1,443,1
50018,324.14,9.59,4.71,7.33,10,12.9,1,450,1
50019,324.14,9.67,4.71,7.33,10,13.21,1,457,1
50020,324.14,9.9,4.71,7.33,11,13.52,1,464,1
50021,324.14,10.13,5.14,8,11,13.82,1,470,1
50022,339.57,10.22,5.14,8,12,14.13,1,477,1
50023,339.57,10.46,5.14,8,12,14.44,1,484,1
50024,346.5,10.54,5.14,8,12,14.75,1,490,1
50025,346.5,10.78,5.57,8.67,13,15.36,1,497,1
50026,362.25,10.87,5.57,8.67,13,15.67,1,504,1
50027,362.25,11.11,5.57,8.67,13,15.97,1,511,1
50028,362.25,11.2,6,9.33,14,16.28,1,517,1
50029,369.5,11.45,6,9.33,14,16.59,1,524,1
50030,385.56,11.7,6,9.33,15,16.9,1,531,1
50031,385.56,11.79,6.43,10,15,17.2,1,537,1
50032,385.56,12.05,6.43,10,15,17.51,1,544,1
50033,385.56,12.14,6.43,10,16,17.82,1,551,1
50034,385.56,12.39,6.43,10,16,18.12,1,558,1
50035,409.5,12.49,6.86,10.67,17,18.43,1,564,1
50036,409.5,12.75,6.86,10.67,17,18.74,1,571,1
50037,409.5,12.84,6.86,10.67,17,19.05,1,578,1
50038,409.5,13.11,7.29,11.33,18,19.35,1,584,1
50039,425.88,13.38,7.29,11.33,18,19.66,1,591,1
50040,434.07,13.47,7.29,11.33,18,19.97,1,598,1
50041,434.07,13.75,7.71,12,19,20.28,1,605,1
50042,434.07,13.84,7.71,12,19,20.58,1,611,1
50043,450.77,14.12,7.71,12,20,20.89,1,618,1
50044,450.77,14.22,8.14,12.67,20,21.2,1,625,1
50045,450.77,14.5,8.14,12.67,20,21.5,1,631,1
50046,459.27,14.6,8.14,12.67,21,21.81,1,638,1
50047,476.28,14.88,8.14,12.67,21,22.12,1,645,1
50048,476.28,15.17,8.57,13.33,22,22.43,1,652,1
50049,476.28,15.27,8.57,13.33,22,22.73,1,658,1
50050,476.28,15.56,8.57,13.33,22,23.04,1,665,1
50051,502.42,15.56,9,14,23,24.12,1,672,1
50052,502.42,15.75,9,14,23,25.19,1,678,1
50053,502.42,15.75,9,14,23,26.27,1,685,1
50054,502.42,15.94,9.43,14.67,24,27.34,1,692,1
50055,519.75,15.94,9.43,14.67,24,28.42,1,698,1
50056,519.75,16.13,9.43,14.67,25,29.49,1,705,1
50057,529.2,16.31,9.43,14.67,25,30.57,1,712,1
50058,529.2,16.31,9.86,15.33,25,31.64,1,719,1
50059,546.84,16.5,9.86,15.33,26,32.72,1,725,1
50060,546.84,16.5,9.86,15.33,26,33.79,1,732,1
50061,546.84,16.69,10.29,16,26,34.87,1,739,1
50062,556.61,16.69,10.29,16,27,35.94,1,745,1
50063,574.56,16.88,10.29,16,27,37.02,1,752,1
50064,574.56,16.88,10.71,16.67,28,38.09,1,759,1
50065,574.56,17.06,10.71,16.67,28,39.17,1,766,1
50066,574.56,17.25,10.71,16.67,28,40.24,1,772,1
50067,574.56,17.25,10.71,16.67,29,41.32,1,779,1
50068,602.91,17.44,11.14,17.33,29,42.39,1,786,1
50069,602.91,17.44,11.14,17.33,30,43.47,1,792,1
50070,602.91,17.63,11.14,17.33,30,44.54,1,799,1
50071,602.91,17.63,11.57,18,30,45.62,1,806,1
50072,621.18,17.81,11.57,18,31,46.69,1,813,1
50073,631.89,17.81,11.57,18,31,47.77,1,819,1
50074,631.89,18,12,18.67,31,48.84,1,826,1
50075,631.89,18.19,12,18.67,32,49.92,1,833,1
50076,650.47,18.19,12,18.67,32,51,1,839,1
50077,650.47,18.38,12.43,19.33,33,52.07,1,846,1
50078,650.47,18.38,12.43,19.33,33,53.15,1,853,1
50079,661.5,18.56,12.43,19.33,33,54.22,1,860,1
50080,680.4,18.56,12.43,19.33,34,55.3,1,866,1
50081,680.4,18.75,12.86,20,34,56.37,1,873,1
50082,680.4,18.75,12.86,20,35,57.45,1,880,1
50083,680.4,18.94,12.86,20,35,58.52,1,886,1
50084,710.95,19.12,13.29,20.67,35,59.6,1,893,1
50085,710.95,19.12,13.29,20.67,36,60.67,1,900,1
50086,710.95,19.31,13.29,20.67,36,61.75,1,907,1
50087,710.95,19.31,13.71,21.33,36,62.82,1,913,1
50088,730.17,19.5,13.71,21.33,37,63.9,1,920,1
50089,730.17,19.5,13.71,21.33,37,64.97,1,927,1
50090,742.14,19.69,13.71,21.33,38,66.05,1,933,1
50091,742.14,19.69,14.14,22,38,67.12,1,940,1
50092,761.67,19.88,14.14,22,38,68.2,1,947,1
50093,761.67,20.06,14.14,22,39,69.27,1,954,1
50094,761.67,20.06,14.57,22.67,39,70.35,1,960,1
50095,773.96,20.25,14.57,22.67,40,71.42,1,967,1
50096,773.96,20.25,14.57,22.67,40,72.5,1,974,1
50097,793.8,20.44,15,23.33,40,73.57,1,980,1
50098,793.8,20.44,15,23.33,41,74.65,1,987,1
50099,793.8,20.63,15,23.33,41,75.72,1,994,1
50100,793.8,20.63,15,23.33,41,76.8,1,1000,1
50101,817.62,20.84,15.15,23.56,41,77.52,1,1007,1
50102,841.43,21.05,15.3,23.8,42,78.25,1,1014,1
50103,865.25,21.26,15.45,24.03,42,78.98,1,1021,1
50104,889.06,21.46,15.6,24.26,43,79.73,1,1027,1
50105,912.88,21.67,15.75,24.5,43,80.47,1,1034,1
50106,936.69,21.88,15.9,24.73,43,81.23,1,1041,1
50107,960.51,22.09,16.05,24.96,44,81.99,1,1047,1
50108,984.32,22.3,16.2,25.2,44,82.76,1,1054,1
50109,1008.14,22.51,16.35,25.43,45,83.54,1,1061,1
50110,1031.95,22.72,16.5,25.67,45,84.33,1,1068,1
50111,1055.77,22.92,16.65,25.9,45,85.12,1,1074,1
50112,1079.58,23.13,16.8,26.13,46,85.92,1,1081,1
50113,1103.4,23.34,16.95,26.37,46,86.72,1,1088,1
50114,1127.21,23.55,17.1,26.6,47,87.54,1,1094,1
50115,1151.03,23.76,17.25,26.83,47,88.36,1,1101,1
50116,1174.84,23.97,17.4,27.07,47,89.19,1,1108,1
50117,1198.66,24.17,17.55,27.3,48,90.03,1,1115,1
50118,1222.47,24.38,17.7,27.53,48,90.87,1,1121,1
50119,1246.29,24.59,17.85,27.77,49,91.73,1,1128,1
50120,1270.1,24.8,18,28,49,92.59,1,1135,1
50121,1312.44,25.01,18.3,28.47,50,93.46,1,1141,1
50122,1354.77,25.21,18.6,28.93,50,94.33,1,1148,1
50123,1397.11,25.42,18.9,29.4,51,95.22,1,1155,1
50124,1439.45,25.63,19.2,29.87,51,96.11,1,1162,1
50125,1481.78,25.83,19.5,30.33,52,97.02,1,1168,1
50126,1524.12,26.04,19.8,30.8,52,97.93,1,1175,1
50127,1566.46,26.25,20.1,31.27,53,98.85,1,1182,1
50128,1608.79,26.45,20.4,31.73,53,99.77,1,1188,1
50129,1651.13,26.66,20.7,32.2,54,100.71,1,1195,1
50130,1693.47,26.87,21,32.67,54,101.66,1,1202,1
50131,1735.8,27.07,21.3,33.13,55,102.61,1,1209,1
50132,1778.14,27.28,21.6,33.6,55,103.57,1,1215,1
50133,1820.48,27.49,21.9,34.07,56,104.55,1,1222,1
50134,1862.81,27.69,22.2,34.53,56,105.53,1,1229,1
50135,1905.15,27.9,22.5,35,57,106.52,1,1235,1
50136,1947.49,28.11,22.8,35.47,57,107.52,1,1242,1
50137,1989.82,28.31,23.1,35.93,58,108.53,1,1249,1
50138,2032.16,28.52,23.4,36.4,58,109.55,1,1256,1
50139,2074.5,28.73,23.7,36.87,59,110.57,1,1262,1
50140,2116.83,28.93,24,37.33,59,111.61,1,1269,1
50141,2159.17,29.14,24.3,37.8,60,112.17,1,1276,1
50142,2201.51,29.35,24.6,38.27,60,112.73,1,1282,1
50143,2243.84,29.55,24.9,38.73,61,113.29,1,1289,1
50144,2286.18,29.76,25.2,39.2,61,113.86,1,1296,1
50145,2328.52,29.97,25.5,39.67,62,114.43,1,1303,1
50146,2370.85,30.17,25.8,40.13,62,115,1,1309,1
50147,2413.19,30.38,26.1,40.6,63,115.58,1,1316,1
50148,2455.53,30.59,26.4,41.07,63,116.16,1,1323,1
50149,2497.86,30.79,26.7,41.53,64,116.74,1,1329,1
50150,2540.2,31,27,42,64,117.32,1,1336,1
50151,2560.52,31.09,27.11,42.17,64,117.32,1,1336,1
50152,2580.84,31.19,27.22,42.34,65,117.32,1,1336,1
50153,2601.17,31.28,27.32,42.5,65,117.32,1,1336,1
50154,2621.49,31.38,27.43,42.67,65,117.32,1,1336,1
50155,2641.81,31.47,27.54,42.84,65,117.32,1,1336,1
50156,2662.13,31.56,27.65,43.01,66,117.32,1,1336,1
50157,2682.45,31.66,27.76,43.18,66,117.32,1,1336,1
50158,2702.78,31.75,27.86,43.34,66,117.32,1,1336,1
50159,2723.1,31.85,27.97,43.51,66,117.32,1,1336,1
50160,2743.42,31.94,28.08,43.68,67,117.32,1,1336,1
50161,2763.74,32.03,28.19,43.85,67,117.32,1,1336,1
50162,2784.06,32.13,28.3,44.02,67,117.32,1,1336,1
50163,2804.39,32.22,28.4,44.18,67,117.32,1,1336,1
50164,2824.71,32.32,28.51,44.35,68,117.32,1,1336,1
50165,2845.03,32.41,28.62,44.52,68,117.32,1,1336,1
50166,2865.35,32.5,28.73,44.69,68,117.32,1,1336,1
50167,2885.67,32.6,28.84,44.86,68,117.32,1,1336,1
50168,2906,32.69,28.94,45.02,69,117.32,1,1336,1
50169,2926.32,32.79,29.05,45.19,69,117.32,1,1336,1
50170,2946.64,32.88,29.16,45.36,69,117.32,1,1336,1
50171,2966.96,32.97,29.27,45.53,69,117.32,1,1336,1
50172,2987.28,33.07,29.38,45.7,70,117.32,1,1336,1
50173,3007.61,33.16,29.48,45.86,70,117.32,1,1336,1
50174,3027.93,33.26,29.59,46.03,70,117.32,1,1336,1
50175,3048.25,33.35,29.7,46.2,71,117.32,1,1336,1
50176,3068.57,33.44,29.81,46.37,71,117.32,1,1336,1
50177,3088.89,33.54,29.92,46.54,71,117.32,1,1336,1
50178,3109.22,33.63,30.02,46.7,71,117.32,1,1336,1
50179,3129.54,33.73,30.13,46.87,72,117.32,1,1336,1
50180,3149.86,33.82,30.24,47.04,72,117.32,1,1336,1
50181,3170.18,33.91,30.35,47.21,72,117.32,1,1336,1
50182,3190.5,34.01,30.46,47.38,72,117.32,1,1336,1
50183,3210.83,34.1,30.56,47.54,73,117.32,1,1336,1
50184,3231.15,34.2,30.67,47.71,73,117.32,1,1336,1
50185,3251.47,34.29,30.78,47.88,73,117.32,1,1336,1
50186,3271.79,34.38,30.89,48.05,73,117.32,1,1336,1
50187,3292.11,34.48,31,48.22,74,117.32,1,1336,1
50188,3312.44,34.57,31.1,48.38,74,117.32,1,1336,1
50189,3332.76,34.67,31.21,48.55,74,117.32,1,1336,1
50190,3353.08,34.76,31.32,48.72,74,117.32,1,1336,1
50191,3373.4,34.85,31.43,48.89,75,117.32,1,1336,1
50192,3393.72,34.95,31.54,49.06,75,117.32,1,1336,1
50193,3414.05,35.04,31.64,49.22,75,117.32,1,1336,1
50194,3434.37,35.14,31.75,49.39,75,117.32,1,1336,1
50195,3454.69,35.23,31.86,49.56,76,117.32,1,1336,1
50196,3475.01,35.32,31.97,49.73,76,117.32,1,1336,1
50197,3495.33,35.42,32.08,49.9,76,117.32,1,1336,1
50198,3515.66,35.51,32.18,50.06,76,117.32,1,1336,1
50199,3535.98,35.61,32.29,50.23,77,117.32,1,1336,1
50200,3556.3,35.7,32.4,50.4,77,117.32,1,1336,1
50201,3574.08,35.77,32.46,50.5,77,117.32,1,1336,1
50202,3591.86,35.84,32.53,50.6,77,117.32,1,1336,1
50203,3609.65,35.92,32.59,50.7,77,117.32,1,1336,1
50204,3627.43,35.99,32.66,50.8,78,117.32,1,1336,1
50205,3645.21,36.06,32.72,50.9,78,117.32,1,1336,1
50206,3662.99,36.13,32.78,51,78,117.32,1,1336,1
50207,3680.77,36.2,32.85,51.1,78,117.32,1,1336,1
50208,3698.56,36.28,32.91,51.2,78,117.32,1,1336,1
50209,3716.34,36.35,32.98,51.3,78,117.32,1,1336,1
50210,3734.12,36.42,33.04,51.4,79,117.32,1,1336,1
50211,3751.9,36.49,33.1,51.5,79,117.32,1,1336,1
50212,3769.68,36.56,33.17,51.6,79,117.32,1,1336,1
50213,3787.47,36.64,33.23,51.7,79,117.32,1,1336,1
50214,3805.25,36.71,33.3,51.8,79,117.32,1,1336,1
50215,3823.03,36.78,33.36,51.9,79,117.32,1,1336,1
50216,3840.81,36.85,33.42,52,80,117.32,1,1336,1
50217,3858.59,36.92,33.49,52.1,80,117.32,1,1336,1
50218,3876.38,37,33.55,52.2,80,117.32,1,1336,1
50219,3894.16,37.07,33.62,52.3,80,117.32,1,1336,1
50220,3911.94,37.14,33.68,52.4,80,117.32,1,1336,1
50221,3929.72,37.21,33.74,52.5,80,117.32,1,1336,1
50222,3947.5,37.28,33.81,52.6,81,117.32,1,1336,1
50223,3965.29,37.36,33.87,52.7,81,117.32,1,1336,1
50224,3983.07,37.43,33.94,52.8,81,117.32,1,1336,1
50225,4000.85,37.5,34,52.9,81,117.32,1,1336,1
50226,4018.63,37.57,34.06,53,81,117.32,1,1336,1
50227,4036.41,37.64,34.13,53.1,81,117.32,1,1336,1
50228,4054.2,37.72,34.19,53.2,81,117.32,1,1336,1
50229,4071.98,37.79,34.26,53.3,82,117.32,1,1336,1
50230,4089.76,37.86,34.32,53.4,82,117.32,1,1336,1
50231,4107.54,37.93,34.38,53.5,82,117.32,1,1336,1
50232,4125.32,38,34.45,53.6,82,117.32,1,1336,1
50233,4143.11,38.08,34.51,53.7,82,117.32,1,1336,1
50234,4160.89,38.15,34.58,53.8,82,117.32,1,1336,1
50235,4178.67,38.22,34.64,53.9,83,117.32,1,1336,1
50236,4196.45,38.29,34.7,54,83,117.32,1,1336,1
50237,4214.23,38.36,34.77,54.1,83,117.32,1,1336,1
50238,4232.02,38.44,34.83,54.2,83,117.32,1,1336,1
50239,4249.8,38.51,34.9,54.3,83,117.32,1,1336,1
50240,4267.58,38.58,34.96,54.4,83,117.32,1,1336,1
50241,4285.36,38.65,35.02,54.5,84,117.32,1,1336,1
50242,4303.14,38.72,35.09,54.6,84,117.32,1,1336,1
50243,4320.93,38.8,35.15,54.7,84,117.32,1,1336,1
50244,4338.71,38.87,35.22,54.8,84,117.32,1,1336,1
50245,4356.49,38.94,35.28,54.9,84,117.32,1,1336,1
50246,4374.27,39.01,35.34,55,84,117.32,1,1336,1
50247,4392.05,39.08,35.41,55.1,85,117.32,1,1336,1
50248,4409.84,39.16,35.47,55.2,85,117.32,1,1336,1
50249,4427.62,39.23,35.54,55.3,85,117.32,1,1336,1
50250,4445.4,39.3,35.6,55.4,85,117.32,1,1336,1
50251,4463.18,39.34,35.64,55.46,85,117.32,1,1336,1
50252,4480.96,39.38,35.67,55.51,85,117.32,1,1336,1
50253,4498.75,39.42,35.71,55.57,85,117.32,1,1336,1
50254,4516.53,39.46,35.74,55.62,85,117.32,1,1336,1
50255,4534.31,39.5,35.78,55.68,85,117.32,1,1336,1
50256,4552.09,39.54,35.82,55.74,85,117.32,1,1336,1
50257,4569.87,39.58,35.85,55.79,85,117.32,1,1336,1
50258,4587.66,39.62,35.89,55.85,85,117.32,1,1336,1
50259,4605.44,39.66,35.92,55.9,85,117.32,1,1336,1
50260,4623.22,39.7,35.96,55.96,85,117.32,1,1336,1
50261,4641,39.74,36,56.02,85,117.32,1,1336,1
50262,4658.78,39.78,36.03,56.07,85,117.32,1,1336,1
50263,4676.57,39.82,36.07,56.13,85,117.32,1,1336,1
50264,4694.35,39.86,36.1,56.18,85,117.32,1,1336,1
50265,4712.13,39.9,36.14,56.24,85,117.32,1,1336,1
50266,4729.91,39.94,36.18,56.3,85,117.32,1,1336,1
50267,4747.69,39.98,36.21,56.35,85,117.32,1,1336,1
50268,4765.48,40.02,36.25,56.41,85,117.32,1,1336,1
50269,4783.26,40.06,36.28,56.46,85,117.32,1,1336,1
50270,4801.04,40.1,36.32,56.52,85,117.32,1,1336,1
50271,4818.82,40.14,36.36,56.58,85,117.32,1,1336,1
50272,4836.6,40.18,36.39,56.63,85,117.32,1,1336,1
50273,4854.39,40.22,36.43,56.69,85,117.32,1,1336,1
50274,4872.17,40.26,36.46,56.74,85,117.32,1,1336,1
50275,4889.95,40.3,36.5,56.8,85,117.32,1,1336,1
50276,4907.73,40.34,36.54,56.86,85,117.32,1,1336,1
50277,4925.51,40.38,36.57,56.91,85,117.32,1,1336,1
50278,4943.3,40.42,36.61,56.97,85,117.32,1,1336,1
50279,4961.08,40.46,36.64,57.02,85,117.32,1,1336,1
50280,4978.86,40.5,36.68,57.08,85,117.32,1,1336,1
50281,4996.64,40.54,36.72,57.14,85,117.32,1,1336,1
50282,5014.42,40.58,36.75,57.19,85,117.32,1,1336,1
50283,5032.21,40.62,36.79,57.25,85,117.32,1,1336,1
50284,5049.99,40.66,36.82,57.3,85,117.32,1,1336,1
50285,5067.77,40.7,36.86,57.36,85,117.32,1,1336,1
50286,5085.55,40.74,36.9,57.42,85,117.32,1,1336,1
50287,5103.33,40.78,36.93,57.47,85,117.32,1,1336,1
50288,5121.12,40.82,36.97,57.53,85,117.32,1,1336,1
50289,5138.9,40.86,37,57.58,85,117.32,1,1336,1
50290,5156.68,40.9,37.04,57.64,85,117.32,1,1336,1
50291,5174.46,40.94,37.08,57.7,85,117.32,1,1336,1
50292,5192.24,40.98,37.11,57.75,85,117.32,1,1336,1
50293,5210.03,41.02,37.15,57.81,85,117.32,1,1336,1
50294,5227.81,41.06,37.18,57.86,85,117.32,1,1336,1
50295,5245.59,41.1,37.22,57.92,85,117.32,1,1336,1
50296,5263.37,41.14,37.26,57.98,85,117.32,1,1336,1
50297,5281.15,41.18,37.29,58.03,85,117.32,1,1336,1
50298,5298.94,41.22,37.33,58.09,85,117.32,1,1336,1
50299,5316.72,41.26,37.36,58.14,85,117.32,1,1336,1
50300,5334.5,41.3,37.4,58.2,85,117.32,1,1336,1
60001,226.8,6.94,2.14,3.33,3,7.68,1,336,1
60002,246.33,7.14,2.57,4,4,7.99,1,343,1
60003,246.33,7.34,2.57,4,4,8.29,1,349,1
60004,246.33,7.41,2.57,4,5,8.6,1,356,1
60005,246.33,7.61,3,4.67,5,8.91,1,363,1
60006,260.82,7.68,3,4.67,5,9.22,1,370,1
60007,266.49,7.89,3,4.67,6,9.52,1,376,1
60008,266.49,7.97,3.43,5.33,6,9.83,1,383,1
60009,266.49,8.18,3.43,5.33,7,10.14,1,390,1
60010,281.29,8.25,3.43,5.33,7,10.44,1,396,1
60011,281.29,8.46,3.86,6,7,10.75,1,403,1
60012,281.29,8.68,3.86,6,8,11.06,1,410,1
60013,287.28,8.76,3.86,6,8,11.37,1,417,1
60014,302.4,8.98,3.86,6,8,11.67,1,423,1
60015,302.4,9.06,4.29,6.67,9,11.98,1,430,1
60016,302.4,9.28,4.29,6.67,9,12.29,1,437,1
60017,302.4,9.36,4.29,6.67,10,12.6,1,443,1
60018,324.14,9.59,4.71,7.33,10,12.9,1,450,1
60019,324.14,9.67,4.71,7.33,10,13.21,1,457,1
60020,324.14,9.9,4.71,7.33,11,13.52,1,464,1
60021,324.14,10.13,5.14,8,11,13.82,1,470,1
60022,339.57,10.22,5.14,8,12,14.13,1,477,1
60023,339.57,10.46,5.14,8,12,14.44,1,484,1
60024,346.5,10.54,5.14,8,12,14.75,1,490,1
60025,346.5,10.78,5.57,8.67,13,15.36,1,497,1
60026,362.25,10.87,5.57,8.67,13,15.67,1,504,1
60027,362.25,11.11,5.57,8.67,13,15.97,1,511,1
60028,362.25,11.2,6,9.33,14,16.28,1,517,1
60029,369.5,11.45,6,9.33,14,16.59,1,524,1
60030,385.56,11.7,6,9.33,15,16.9,1,531,1
60031,385.56,11.79,6.43,10,15,17.2,1,537,1
60032,385.56,12.05,6.43,10,15,17.51,1,544,1
60033,385.56,12.14,6.43,10,16,17.82,1,551,1
60034,385.56,12.39,6.43,10,16,18.12,1,558,1
60035,409.5,12.49,6.86,10.67,17,18.43,1,564,1
60036,409.5,12.75,6.86,10.67,17,18.74,1,571,1
60037,409.5,12.84,6.86,10.67,17,19.05,1,578,1
60038,409.5,13.11,7.29,11.33,18,19.35,1,584,1
60039,425.88,13.38,7.29,11.33,18,19.66,1,591,1
60040,434.07,13.47,7.29,11.33,18,19.97,1,598,1
60041,434.07,13.75,7.71,12,19,20.28,1,605,1
60042,434.07,13.84,7.71,12,19,20.58,1,611,1
60043,450.77,14.12,7.71,12,20,20.89,1,618,1
60044,450.77,14.22,8.14,12.67,20,21.2,1,625,1
60045,450.77,14.5,8.14,12.67,20,21.5,1,631,1
60046,459.27,14.6,8.14,12.67,21,21.81,1,638,1
60047,476.28,14.88,8.14,12.67,21,22.12,1,645,1
60048,476.28,15.17,8.57,13.33,22,22.43,1,652,1
60049,476.28,15.27,8.57,13.33,22,22.73,1,658,1
60050,476.28,15.56,8.57,13.33,22,23.04,1,665,1
60051,502.42,15.56,9,14,23,24.12,1,672,1
60052,502.42,15.75,9,14,23,25.19,1,678,1
60053,502.42,15.75,9,14,23,26.27,1,685,1
60054,502.42,15.94,9.43,14.67,24,27.34,1,692,1
60055,519.75,15.94,9.43,14.67,24,28.42,1,698,1
60056,519.75,16.13,9.43,14.67,25,29.49,1,705,1
60057,529.2,16.31,9.43,14.67,25,30.57,1,712,1
60058,529.2,16.31,9.86,15.33,25,31.64,1,719,1
60059,546.84,16.5,9.86,15.33,26,32.72,1,725,1
60060,546.84,16.5,9.86,15.33,26,33.79,1,732,1
60061,546.84,16.69,10.29,16,26,34.87,1,739,1
60062,556.61,16.69,10.29,16,27,35.94,1,745,1
60063,574.56,16.88,10.29,16,27,37.02,1,752,1
60064,574.56,16.88,10.71,16.67,28,38.09,1,759,1
60065,574.56,17.06,10.71,16.67,28,39.17,1,766,1
60066,574.56,17.25,10.71,16.67,28,40.24,1,772,1
60067,574.56,17.25,10.71,16.67,29,41.32,1,779,1
60068,602.91,17.44,11.14,17.33,29,42.39,1,786,1
60069,602.91,17.44,11.14,17.33,30,43.47,1,792,1
60070,602.91,17.63,11.14,17.33,30,44.54,1,799,1
60071,602.91,17.63,11.57,18,30,45.62,1,806,1
60072,621.18,17.81,11.57,18,31,46.69,1,813,1
60073,631.89,17.81,11.57,18,31,47.77,1,819,1
60074,631.89,18,12,18.67,31,48.84,1,826,1
60075,631.89,18.19,12,18.67,32,49.92,1,833,1
60076,650.47,18.19,12,18.67,32,51,1,839,1
60077,650.47,18.38,12.43,19.33,33,52.07,1,846,1
60078,650.47,18.38,12.43,19.33,33,53.15,1,853,1
60079,661.5,18.56,12.43,19.33,33,54.22,1,860,1
60080,680.4,18.56,12.43,19.33,34,55.3,1,866,1
60081,680.4,18.75,12.86,20,34,56.37,1,873,1
60082,680.4,18.75,12.86,20,35,57.45,1,880,1
60083,680.4,18.94,12.86,20,35,58.52,1,886,1
60084,710.95,19.12,13.29,20.67,35,59.6,1,893,1
60085,710.95,19.12,13.29,20.67,36,60.67,1,900,1
60086,710.95,19.31,13.29,20.67,36,61.75,1,907,1
60087,710.95,19.31,13.71,21.33,36,62.82,1,913,1
60088,730.17,19.5,13.71,21.33,37,63.9,1,920,1
60089,730.17,19.5,13.71,21.33,37,64.97,1,927,1
60090,742.14,19.69,13.71,21.33,38,66.05,1,933,1
60091,742.14,19.69,14.14,22,38,67.12,1,940,1
60092,761.67,19.88,14.14,22,38,68.2,1,947,1
60093,761.67,20.06,14.14,22,39,69.27,1,954,1
60094,761.67,20.06,14.57,22.67,39,70.35,1,960,1
60095,773.96,20.25,14.57,22.67,40,71.42,1,967,1
60096,773.96,20.25,14.57,22.67,40,72.5,1,974,1
60097,793.8,20.44,15,23.33,40,73.57,1,980,1
60098,793.8,20.44,15,23.33,41,74.65,1,987,1
60099,793.8,20.63,15,23.33,41,75.72,1,994,1
60100,793.8,20.63,15,23.33,41,76.8,1,1000,1
60101,817.62,20.84,15.12,23.52,41,77.52,1,1007,1
60102,841.43,21.05,15.24,23.71,42,78.25,1,1014,1
60103,865.25,21.26,15.36,23.9,42,78.98,1,1021,1
60104,889.06,21.46,15.48,24.08,43,79.73,1,1027,1
60105,912.88,21.67,15.6,24.27,43,80.47,1,1034,1
60106,936.69,21.88,15.72,24.46,43,81.23,1,1041,1
60107,960.51,22.09,15.84,24.65,44,81.99,1,1047,1
60108,984.32,22.3,15.96,24.84,44,82.76,1,1054,1
60109,1008.14,22.51,16.08,25.03,45,83.54,1,1061,1
60110,1031.95,22.72,16.2,25.22,45,84.33,1,1068,1
60111,1055.77,22.92,16.32,25.4,45,85.12,1,1074,1
60112,1079.58,23.13,16.44,25.59,46,85.92,1,1081,1
60113,1103.4,23.34,16.56,25.78,46,86.72,1,1088,1
60114,1127.21,23.55,16.68,25.97,47,87.54,1,1094,1
60115,1151.03,23.76,16.8,26.16,47,88.36,1,1101,1
60116,1174.84,23.97,16.92,26.35,47,89.19,1,1108,1
60117,1198.66,24.17,17.04,26.53,48,90.03,1,1115,1
60118,1222.47,24.38,17.16,26.72,48,90.87,1,1121,1
60119,1246.29,24.59,17.28,26.91,49,91.73,1,1128,1
60120,1270.1,24.8,17.4,27.1,49,92.59,1,1135,1
60121,1312.44,25.01,17.63,27.46,50,93.46,1,1141,1
60122,1354.77,25.21,17.87,27.82,50,94.33,1,1148,1
60123,1397.11,25.42,18.1,28.18,51,95.22,1,1155,1
60124,1439.45,25.63,18.33,28.54,51,96.11,1,1162,1
60125,1481.78,25.83,18.57,28.9,52,97.02,1,1168,1
60126,1524.12,26.04,18.8,29.26,52,97.93,1,1175,1
60127,1566.46,26.25,19.03,29.62,53,98.85,1,1182,1
60128,1608.79,26.45,19.27,29.98,53,99.77,1,1188,1
60129,1651.13,26.66,19.5,30.34,54,100.71,1,1195,1
60130,1693.47,26.87,19.73,30.7,54,101.66,1,1202,1
60131,1735.8,27.07,19.97,31.06,55,102.61,1,1209,1
60132,1778.14,27.28,20.2,31.42,55,103.57,1,1215,1
60133,1820.48,27.49,20.43,31.78,56,104.55,1,1222,1
60134,1862.81,27.69,20.67,32.14,56,105.53,1,1229,1
60135,1905.15,27.9,20.9,32.5,57,106.52,1,1235,1
60136,1947.49,28.11,21.13,32.86,57,107.52,1,1242,1
60137,1989.82,28.31,21.37,33.22,58,108.53,1,1249,1
60138,2032.16,28.52,21.6,33.58,58,109.55,1,1256,1
60139,2074.5,28.73,21.83,33.94,59,110.57,1,1262,1
60140,2116.83,28.93,22.07,34.3,59,111.61,1,1269,1
60141,2159.17,29.14,22.3,34.66,60,112.17,1,1276,1
60142,2201.51,29.35,22.53,35.02,60,112.73,1,1282,1
60143,2243.84,29.55,22.77,35.38,61,113.29,1,1289,1
60144,2286.18,29.76,23,35.74,61,113.86,1,1296,1
60145,2328.52,29.97,23.23,36.1,62,114.43,1,1303,1
60146,2370.85,30.17,23.47,36.46,62,115,1,1309,1
60147,2413.19,30.38,23.7,36.82,63,115.58,1,1316,1
60148,2455.53,30.59,23.93,37.18,63,116.16,1,1323,1
60149,2497.86,30.79,24.17,37.54,64,116.74,1,1329,1
60150,2540.2,31,24.4,37.9,64,117.32,1,1336,1
60151,2555.44,31.06,24.47,38.01,64,117.32,1,1336,1
60152,2570.68,31.12,24.55,38.13,65,117.32,1,1336,1
60153,2585.93,31.19,24.62,38.24,65,117.32,1,1336,1
60154,2601.17,31.25,24.7,38.36,65,117.32,1,1336,1
60155,2616.41,31.31,24.77,38.47,65,117.32,1,1336,1
60156,2631.65,31.37,24.84,38.58,66,117.32,1,1336,1
60157,2646.89,31.43,24.92,38.7,66,117.32,1,1336,1
60158,2662.14,31.5,24.99,38.81,66,117.32,1,1336,1
60159,2677.38,31.56,25.07,38.93,66,117.32,1,1336,1
60160,2692.62,31.62,25.14,39.04,67,117.32,1,1336,1
60161,2707.86,31.68,25.21,39.15,67,117.32,1,1336,1
60162,2723.1,31.74,25.29,39.27,67,117.32,1,1336,1
60163,2738.35,31.81,25.36,39.38,67,117.32,1,1336,1
60164,2753.59,31.87,25.44,39.5,68,117.32,1,1336,1
60165,2768.83,31.93,25.51,39.61,68,117.32,1,1336,1
60166,2784.07,31.99,25.58,39.72,68,117.32,1,1336,1
60167,2799.31,32.05,25.66,39.84,68,117.32,1,1336,1
60168,2814.56,32.12,25.73,39.95,69,117.32,1,1336,1
60169,2829.8,32.18,25.81,40.07,69,117.32,1,1336,1
60170,2845.04,32.24,25.88,40.18,69,117.32,1,1336,1
60171,2860.28,32.3,25.95,40.29,69,117.32,1,1336,1
60172,2875.52,32.36,26.03,40.41,70,117.32,1,1336,1
60173,2890.77,32.43,26.1,40.52,70,117.32,1,1336,1
60174,2906.01,32.49,26.18,40.64,70,117.32,1,1336,1
60175,2921.25,32.55,26.25,40.75,71,117.32,1,1336,1
60176,2936.49,32.61,26.32,40.86,71,117.32,1,1336,1
60177,2951.73,32.67,26.4,40.98,71,117.32,1,1336,1
60178,2966.98,32.74,26.47,41.09,71,117.32,1,1336,1
60179,2982.22,32.8,26.55,41.21,72,117.32,1,1336,1
60180,2997.46,32.86,26.62,41.32,72,117.32,1,1336,1
60181,3012.7,32.92,26.69,41.43,72,117.32,1,1336,1
60182,3027.94,32.98,26.77,41.55,72,117.32,1,1336,1
60183,3043.19,33.05,26.84,41.66,73,117.32,1,1336,1
60184,3058.43,33.11,26.92,41.78,73,117.32,1,1336,1
60185,3073.67,33.17,26.99,41.89,73,117.32,1,1336,1
60186,3088.91,33.23,27.06,42,73,117.32,1,1336,1
60187,3104.15,33.29,27.14,42.12,74,117.32,1,1336,1
60188,3119.4,33.36,27.21,42.23,74,117.32,1,1336,1
60189,3134.64,33.42,27.29,42.35,74,117.32,1,1336,1
60190,3149.88,33.48,27.36,42.46,74,117.32,1,1336,1
60191,3165.12,33.54,27.43,42.57,75,117.32,1,1336,1
60192,3180.36,33.6,27.51,42.69,75,117.32,1,1336,1
60193,3195.61,33.67,27.58,42.8,75,117.32,1,1336,1
60194,3210.85,33.73,27.66,42.92,75,117.32,1,1336,1
60195,3226.09,33.79,27.73,43.03,76,117.32,1,1336,1
60196,3241.33,33.85,27.8,43.14,76,117.32,1,1336,1
60197,3256.57,33.91,27.88,43.26,76,117.32,1,1336,1
60198,3271.82,33.98,27.95,43.37,76,117.32,1,1336,1
60199,3287.06,34.04,28.03,43.49,77,117.32,1,1336,1
60200,3302.3,34.1,28.1,43.6,77,117.32,1,1336,1
60201,3315.51,34.13,28.13,43.64,77,117.32,1,1336,1
60202,3328.72,34.17,28.16,43.69,77,117.32,1,1336,1
60203,3341.93,34.2,28.18,43.73,77,117.32,1,1336,1
60204,3355.14,34.24,28.21,43.78,78,117.32,1,1336,1
60205,3368.35,34.27,28.24,43.82,78,117.32,1,1336,1
60206,3381.56,34.3,28.27,43.86,78,117.32,1,1336,1
60207,3394.77,34.34,28.3,43.91,78,117.32,1,1336,1
60208,3407.98,34.37,28.32,43.95,78,117.32,1,1336,1
60209,3421.19,34.41,28.35,44,78,117.32,1,1336,1
60210,3434.4,34.44,28.38,44.04,79,117.32,1,1336,1
60211,3447.61,34.47,28.41,44.08,79,117.32,1,1336,1
60212,3460.82,34.51,28.44,44.13,79,117.32,1,1336,1
60213,3474.03,34.54,28.46,44.17,79,117.32,1,1336,1
60214,3487.24,34.58,28.49,44.22,79,117.32,1,1336,1
60215,3500.45,34.61,28.52,44.26,79,117.32,1,1336,1
60216,3513.66,34.64,28.55,44.3,80,117.32,1,1336,1
60217,3526.87,34.68,28.58,44.35,80,117.32,1,1336,1
60218,3540.08,34.71,28.6,44.39,80,117.32,1,1336,1
60219,3553.29,34.75,28.63,44.44,80,117.32,1,1336,1
60220,3566.5,34.78,28.66,44.48,80,117.32,1,1336,1
60221,3579.71,34.81,28.69,44.52,80,117.32,1,1336,1
60222,3592.92,34.85,28.72,44.57,81,117.32,1,1336,1
60223,3606.13,34.88,28.74,44.61,81,117.32,1,1336,1
60224,3619.34,34.92,28.77,44.66,81,117.32,1,1336,1
60225,3632.55,34.95,28.8,44.7,81,117.32,1,1336,1
60226,3645.76,34.98,28.83,44.74,81,117.32,1,1336,1
60227,3658.97,35.02,28.86,44.79,81,117.32,1,1336,1
60228,3672.18,35.05,28.88,44.83,81,117.32,1,1336,1
60229,3685.39,35.09,28.91,44.88,82,117.32,1,1336,1
60230,3698.6,35.12,28.94,44.92,82,117.32,1,1336,1
60231,3711.81,35.15,28.97,44.96,82,117.32,1,1336,1
60232,3725.02,35.19,29,45.01,82,117.32,1,1336,1
60233,3738.23,35.22,29.02,45.05,82,117.32,1,1336,1
60234,3751.44,35.26,29.05,45.1,82,117.32,1,1336,1
60235,3764.65,35.29,29.08,45.14,83,117.32,1,1336,1
60236,3777.86,35.32,29.11,45.18,83,117.32,1,1336,1
60237,3791.07,35.36,29.14,45.23,83,117.32,1,1336,1
60238,3804.28,35.39,29.16,45.27,83,117.32,1,1336,1
60239,3817.49,35.43,29.19,45.32,83,117.32,1,1336,1
60240,3830.7,35.46,29.22,45.36,83,117.32,1,1336,1
60241,3843.91,35.49,29.25,45.4,84,117.32,1,1336,1
60242,3857.12,35.53,29.28,45.45,84,117.32,1,1336,1
60243,3870.33,35.56,29.3,45.49,84,117.32,1,1336,1
60244,3883.54,35.6,29.33,45.54,84,117.32,1,1336,1
60245,3896.75,35.63,29.36,45.58,84,117.32,1,1336,1
60246,3909.96,35.66,29.39,45.62,84,117.32,1,1336,1
60247,3923.17,35.7,29.42,45.67,85,117.32,1,1336,1
60248,3936.38,35.73,29.44,45.71,85,117.32,1,1336,1
60249,3949.59,35.77,29.47,45.76,85,117.32,1,1336,1
60250,3962.8,35.8,29.5,45.8,85,117.32,1,1336,1
60251,3978.65,35.84,29.53,45.85,85,117.32,1,1336,1
60252,3994.5,35.87,29.56,45.89,85,117.32,1,1336,1
60253,4010.36,35.91,29.59,45.94,85,117.32,1,1336,1
60254,4026.21,35.94,29.62,45.98,85,117.32,1,1336,1
60255,4042.06,35.98,29.65,46.03,85,117.32,1,1336,1
60256,4057.91,36.02,29.68,46.08,85,117.32,1,1336,1
60257,4073.76,36.05,29.71,46.12,85,117.32,1,1336,1
60258,4089.62,36.09,29.74,46.17,85,117.32,1,1336,1
60259,4105.47,36.12,29.77,46.21,85,117.32,1,1336,1
60260,4121.32,36.16,29.8,46.26,85,117.32,1,1336,1
60261,4137.17,36.2,29.83,46.31,85,117.32,1,1336,1
60262,4153.02,36.23,29.86,46.35,85,117.32,1,1336,1
60263,4168.88,36.27,29.89,46.4,85,117.32,1,1336,1
60264,4184.73,36.3,29.92,46.44,85,117.32,1,1336,1
60265,4200.58,36.34,29.95,46.49,85,117.32,1,1336,1
60266,4216.43,36.38,29.98,46.54,85,117.32,1,1336,1
60267,4232.28,36.41,30.01,46.58,85,117.32,1,1336,1
60268,4248.14,36.45,30.04,46.63,85,117.32,1,1336,1
60269,4263.99,36.48,30.07,46.67,85,117.32,1,1336,1
60270,4279.84,36.52,30.1,46.72,85,117.32,1,1336,1
60271,4295.69,36.56,30.13,46.77,85,117.32,1,1336,1
60272,4311.54,36.59,30.16,46.81,85,117.32,1,1336,1
60273,4327.4,36.63,30.19,46.86,85,117.32,1,1336,1
60274,4343.25,36.66,30.22,46.9,85,117.32,1,1336,1
60275,4359.1,36.7,30.25,46.95,85,117.32,1,1336,1
60276,4374.95,36.74,30.28,47,85,117.32,1,1336,1
60277,4390.8,36.77,30.31,47.04,85,117.32,1,1336,1
60278,4406.66,36.81,30.34,47.09,85,117.32,1,1336,1
60279,4422.51,36.84,30.37,47.13,85,117.32,1,1336,1
60280,4438.36,36.88,30.4,47.18,85,117.32,1,1336,1
60281,4454.21,36.92,30.43,47.23,85,117.32,1,1336,1
60282,4470.06,36.95,30.46,47.27,85,117.32,1,1336,1
60283,4485.92,36.99,30.49,47.32,85,117.32,1,1336,1
60284,4501.77,37.02,30.52,47.36,85,117.32,1,1336,1
60285,4517.62,37.06,30.55,47.41,85,117.32,1,1336,1
60286,4533.47,37.1,30.58,47.46,85,117.32,1,1336,1
60287,4549.32,37.13,30.61,47.5,85,117.32,1,1336,1
60288,4565.18,37.17,30.64,47.55,85,117.32,1,1336,1
60289,4581.03,37.2,30.67,47.59,85,117.32,1,1336,1
60290,4596.88,37.24,30.7,47.64,85,117.32,1,1336,1
60291,4612.73,37.28,30.73,47.69,85,117.32,1,1336,1
60292,4628.58,37.31,30.76,47.73,85,117.32,1,1336,1
60293,4644.44,37.35,30.79,47.78,85,117.32,1,1336,1
60294,4660.29,37.38,30.82,47.82,85,117.32,1,1336,1
60295,4676.14,37.42,30.85,47.87,85,117.32,1,1336,1
60296,4691.99,37.46,30.88,47.92,85,117.32,1,1336,1
60297,4707.84,37.49,30.91,47.96,85,117.32,1,1336,1
60298,4723.7,37.53,30.94,48.01,85,117.32,1,1336,1
60299,4739.55,37.56,30.97,48.05,85,117.32,1,1336,1
60300,4755.4,37.6,31,48.1,85,117.32,1,1336,1
70001,226.8,6.94,2.14,3.33,3,7.68,1,336,1
70002,246.33,7.14,2.57,4,4,7.99,1,343,1
70003,246.33,7.34,2.57,4,4,8.29,1,349,1
70004,246.33,7.41,2.57,4,5,8.6,1,356,1
70005,246.33,7.61,3,4.67,5,8.91,1,363,1
70006,260.82,7.68,3,4.67,5,9.22,1,370,1
70007,266.49,7.89,3,4.67,6,9.52,1,376,1
70008,266.49,7.97,3.43,5.33,6,9.83,1,383,1
70009,266.49,8.18,3.43,5.33,7,10.14,1,390,1
70010,281.29,8.25,3.43,5.33,7,10.44,1,396,1
70011,281.29,8.46,3.86,6,7,10.75,1,403,1
70012,281.29,8.68,3.86,6,8,11.06,1,410,1
70013,287.28,8.76,3.86,6,8,11.37,1,417,1
70014,302.4,8.98,3.86,6,8,11.67,1,423,1
70015,302.4,9.06,4.29,6.67,9,11.98,1,430,1
70016,302.4,9.28,4.29,6.67,9,12.29,1,437,1
70017,302.4,9.36,4.29,6.67,10,12.6,1,443,1
70018,324.14,9.59,4.71,7.33,10,12.9,1,450,1
70019,324.14,9.67,4.71,7.33,10,13.21,1,457,1
70020,324.14,9.9,4.71,7.33,11,13.52,1,464,1
70021,324.14,10.13,5.14,8,11,13.82,1,470,1
70022,339.57,10.22,5.14,8,12,14.13,1,477,1
70023,339.57,10.46,5.14,8,12,14.44,1,484,1
70024,346.5,10.54,5.14,8,12,14.75,1,490,1
70025,346.5,10.78,5.57,8.67,13,15.36,1,497,1
70026,362.25,10.87,5.57,8.67,13,15.67,1,504,1
70027,362.25,11.11,5.57,8.67,13,15.97,1,511,1
70028,362.25,11.2,6,9.33,14,16.28,1,517,1
70029,369.5,11.45,6,9.33,14,16.59,1,524,1
70030,385.56,11.7,6,9.33,15,16.9,1,531,1
70031,385.56,11.79,6.43,10,15,17.2,1,537,1
70032,385.56,12.05,6.43,10,15,17.51,1,544,1
70033,385.56,12.14,6.43,10,16,17.82,1,551,1
70034,385.56,12.39,6.43,10,16,18.12,1,558,1
70035,409.5,12.49,6.86,10.67,17,18.43,1,564,1
70036,409.5,12.75,6.86,10.67,17,18.74,1,571,1
70037,409.5,12.84,6.86,10.67,17,19.05,1,578,1
70038,409.5,13.11,7.29,11.33,18,19.35,1,584,1
70039,425.88,13.38,7.29,11.33,18,19.66,1,591,1
70040,434.07,13.47,7.29,11.33,18,19.97,1,598,1
70041,434.07,13.75,7.71,12,19,20.28,1,605,1
70042,434.07,13.84,7.71,12,19,20.58,1,611,1
70043,450.77,14.12,7.71,12,20,20.89,1,618,1
70044,450.77,14.22,8.14,12.67,20,21.2,1,625,1
70045,450.77,14.5,8.14,12.67,20,21.5,1,631,1
70046,459.27,14.6,8.14,12.67,21,21.81,1,638,1
70047,476.28,14.88,8.14,12.67,21,22.12,1,645,1
70048,476.28,15.17,8.57,13.33,22,22.43,1,652,1
70049,476.28,15.27,8.57,13.33,22,22.73,1,658,1
70050,476.28,15.56,8.57,13.33,22,23.04,1,665,1
70051,502.42,15.56,9,14,23,24.12,1,672,1
70052,502.42,15.75,9,14,23,25.19,1,678,1
70053,502.42,15.75,9,14,23,26.27,1,685,1
70054,502.42,15.94,9.43,14.67,24,27.34,1,692,1
70055,519.75,15.94,9.43,14.67,24,28.42,1,698,1
70056,519.75,16.13,9.43,14.67,25,29.49,1,705,1
70057,529.2,16.31,9.43,14.67,25,30.57,1,712,1
70058,529.2,16.31,9.86,15.33,25,31.64,1,719,1
70059,546.84,16.5,9.86,15.33,26,32.72,1,725,1
70060,546.84,16.5,9.86,15.33,26,33.79,1,732,1
70061,546.84,16.69,10.29,16,26,34.87,1,739,1
70062,556.61,16.69,10.29,16,27,35.94,1,745,1
70063,574.56,16.88,10.29,16,27,37.02,1,752,1
70064,574.56,16.88,10.71,16.67,28,38.09,1,759,1
70065,574.56,17.06,10.71,16.67,28,39.17,1,766,1
70066,574.56,17.25,10.71,16.67,28,40.24,1,772,1
70067,574.56,17.25,10.71,16.67,29,41.32,1,779,1
70068,602.91,17.44,11.14,17.33,29,42.39,1,786,1
70069,602.91,17.44,11.14,17.33,30,43.47,1,792,1
70070,602.91,17.63,11.14,17.33,30,44.54,1,799,1
70071,602.91,17.63,11.57,18,30,45.62,1,806,1
70072,621.18,17.81,11.57,18,31,46.69,1,813,1
70073,631.89,17.81,11.57,18,31,47.77,1,819,1
70074,631.89,18,12,18.67,31,48.84,1,826,1
70075,631.89,18.19,12,18.67,32,49.92,1,833,1
70076,650.47,18.19,12,18.67,32,51,1,839,1
70077,650.47,18.38,12.43,19.33,33,52.07,1,846,1
70078,650.47,18.38,12.43,19.33,33,53.15,1,853,1
70079,661.5,18.56,12.43,19.33,33,54.22,1,860,1
70080,680.4,18.56,12.43,19.33,34,55.3,1,866,1
70081,680.4,18.75,12.86,20,34,56.37,1,873,1
70082,680.4,18.75,12.86,20,35,57.45,1,880,1
70083,680.4,18.94,12.86,20,35,58.52,1,886,1
70084,710.95,19.12,13.29,20.67,35,59.6,1,893,1
70085,710.95,19.12,13.29,20.67,36,60.67,1,900,1
70086,710.95,19.31,13.29,20.67,36,61.75,1,907,1
70087,710.95,19.31,13.71,21.33,36,62.82,1,913,1
70088,730.17,19.5,13.71,21.33,37,63.9,1,920,1
70089,730.17,19.5,13.71,21.33,37,64.97,1,927,1
70090,742.14,19.69,13.71,21.33,38,66.05,1,933,1
70091,742.14,19.69,14.14,22,38,67.12,1,940,1
70092,761.67,19.88,14.14,22,38,68.2,1,947,1
70093,761.67,20.06,14.14,22,39,69.27,1,954,1
70094,761.67,20.06,14.57,22.67,39,70.35,1,960,1
70095,773.96,20.25,14.57,22.67,40,71.42,1,967,1
70096,773.96,20.25,14.57,22.67,40,72.5,1,974,1
70097,793.8,20.44,15,23.33,40,73.57,1,980,1
70098,793.8,20.44,15,23.33,41,74.65,1,987,1
70099,793.8,20.63,15,23.33,41,75.72,1,994,1
70100,793.8,20.63,15,23.33,41,76.8,1,1000,1
70101,834.25,20.88,15.13,23.52,41,77.52,1,1000,1
70102,876.76,21.13,15.25,23.72,42,78.25,1,1000,1
70103,921.43,21.38,15.37,23.91,42,78.98,1,1000,1
70104,968.38,21.63,15.5,24.1,43,79.73,1,1000,1
70105,1017.73,21.88,15.63,24.3,43,80.47,1,1000,1
70106,1069.58,22.14,15.75,24.5,43,81.23,1,1000,1
70107,1124.08,22.4,15.88,24.7,44,81.99,1,1000,1
70108,1181.36,22.67,16.01,24.9,44,82.76,1,1000,1
70109,1241.55,22.94,16.14,25.1,45,83.54,1,1000,1
70110,1304.82,23.21,16.27,25.31,45,84.33,1,1000,1
70111,1371.3,23.48,16.4,25.51,45,85.12,1,1000,1
70112,1441.17,23.76,16.54,25.72,46,85.92,1,1000,1
70113,1514.61,24.04,16.67,25.93,46,86.72,1,1000,1
70114,1591.78,24.33,16.81,26.14,47,87.54,1,1000,1
70115,1672.89,24.61,16.95,26.35,47,88.36,1,1000,1
70116,1758.13,24.9,17.08,26.57,47,89.19,1,1000,1
70117,1847.71,25.2,17.22,26.78,48,90.03,1,1000,1
70118,1941.86,25.5,17.36,27,48,90.87,1,1000,1
70119,2040.8,25.8,17.5,27.22,49,91.73,1,1000,1
70120,2144.79,26.1,17.65,27.44,49,92.59,1,1000,1
70121,2254.07,26.41,17.79,27.67,50,93.46,1,1000,1
70122,2368.93,26.72,17.93,27.89,50,94.33,1,1000,1
70123,2489.63,27.04,18.08,28.12,51,95.22,1,1000,1
70124,2616.49,27.36,18.23,28.35,51,96.11,1,1000,1
70125,2749.81,27.68,18.38,28.58,52,97.02,1,1000,1
70126,2889.92,28.01,18.53,28.81,52,97.93,1,1000,1
70127,3037.17,28.34,18.68,29.05,53,98.85,1,1000,1
70128,3191.93,28.68,18.83,29.28,53,99.77,1,1000,1
70129,3354.57,29.02,18.98,29.52,54,100.71,1,1000,1
70130,3525.5,29.36,19.14,29.76,54,101.66,1,1000,1
70131,3705.14,29.71,19.29,30,55,102.61,1,1000,1
70132,3893.93,30.06,19.45,30.25,55,103.57,1,1000,1
70133,4092.34,30.41,19.61,30.49,56,104.55,1,1000,1
70134,4300.86,30.77,19.77,30.74,56,105.53,1,1000,1
70135,4520,31.14,19.93,30.99,57,106.52,1,1000,1
70136,4750.31,31.5,20.09,31.24,57,107.52,1,1000,1
70137,4992.36,31.88,20.25,31.5,58,108.53,1,1000,1
70138,5246.74,32.25,20.42,31.76,58,109.55,1,1000,1
70139,5514.08,32.63,20.58,32.01,59,110.57,1,1000,1
70140,5795.04,33.02,20.75,32.27,59,111.61,1,1000,1
70141,6090.32,33.41,20.92,32.54,60,112.17,1,1000,1
70142,6400.64,33.81,21.09,32.8,60,112.73,1,1000,1
70143,6726.78,34.21,21.26,33.07,61,113.29,1,1000,1
70144,7069.54,34.61,21.44,33.34,61,113.86,1,1000,1
70145,7429.76,35.02,21.61,33.61,62,114.43,1,1000,1
70146,7808.33,35.43,21.79,33.88,62,115,1,1000,1
70147,8206.19,35.85,21.96,34.16,63,115.58,1,1000,1
70148,8624.33,36.28,22.14,34.44,63,116.16,1,1000,1
70149,9063.77,36.71,22.32,34.72,64,116.74,1,1000,1
70150,9525.6,37.14,22.5,35,64,117.32,1,1000,1
70151,10010.97,37.58,22.69,35.28,64,117.32,1,1000,1
70152,10521.07,38.02,22.87,35.57,65,117.32,1,1000,1
70153,11057.16,38.47,23.06,35.86,65,117.32,1,1000,1
70154,11620.56,38.93,23.25,36.15,65,117.32,1,1000,1
70155,12212.67,39.39,23.44,36.45,65,117.32,1,1000,1
70156,12834.95,39.85,23.63,36.74,66,117.32,1,1000,1
70157,13488.94,40.32,23.82,37.04,66,117.32,1,1000,1
70158,14176.25,40.8,24.01,37.35,66,117.32,1,1000,1
70159,14898.59,41.28,24.21,37.65,66,117.32,1,1000,1
70160,15657.73,41.77,24.41,37.96,67,117.32,1,1000,1
70161,16455.55,42.27,24.6,38.27,67,117.32,1,1000,1
70162,17294.02,42.76,24.8,38.58,67,117.32,1,1000,1
70163,18175.22,43.27,25.01,38.89,67,117.32,1,1000,1
70164,19101.31,43.78,25.21,39.21,68,117.32,1,1000,1
70165,20074.6,44.3,25.42,39.53,68,117.32,1,1000,1
70166,21097.47,44.82,25.62,39.85,68,117.32,1,1000,1
70167,22172.47,45.35,25.83,40.17,68,117.32,1,1000,1
70168,23302.24,45.89,26.04,40.5,69,117.32,1,1000,1
70169,24489.58,46.43,26.25,40.83,69,117.32,1,1000,1
70170,25737.41,46.98,26.47,41.16,69,117.32,1,1000,1
70171,27048.83,47.54,26.68,41.5,69,117.32,1,1000,1
70172,28427.07,48.1,26.9,41.83,70,117.32,1,1000,1
70173,29875.54,48.67,27.12,42.18,70,117.32,1,1000,1
70174,31397.81,49.24,27.34,42.52,70,117.32,1,1000,1
70175,32997.65,49.83,27.56,42.86,71,117.32,1,1000,1
70176,34679.01,50.41,27.79,43.21,71,117.32,1,1000,1
70177,36446.03,51.01,28.01,43.57,71,117.32,1,1000,1
70178,38303.1,51.61,28.24,43.92,71,117.32,1,1000,1
70179,40254.79,52.22,28.47,44.28,72,117.32,1,1000,1
70180,42305.92,52.84,28.7,44.64,72,117.32,1,1000,1
70181,44461.57,53.47,28.94,45,72,117.32,1,1000,1
70182,46727.05,54.1,29.17,45.37,72,117.32,1,1000,1
70183,49107.97,54.74,29.41,45.74,73,117.32,1,1000,1
70184,51610.21,55.39,29.65,46.11,73,117.32,1,1000,1
70185,54239.95,56.04,29.89,46.49,73,117.32,1,1000,1
70186,57003.68,56.7,30.13,46.86,73,117.32,1,1000,1
70187,59908.23,57.37,30.38,47.25,74,117.32,1,1000,1
70188,62960.78,58.05,30.63,47.63,74,117.32,1,1000,1
70189,66168.87,58.74,30.87,48.02,74,117.32,1,1000,1
70190,69540.43,59.43,31.13,48.41,74,117.32,1,1000,1
70191,73083.78,60.14,31.38,48.8,75,117.32,1,1000,1
70192,76807.67,60.85,31.63,49.2,75,117.32,1,1000,1
70193,80721.32,61.57,31.89,49.6,75,117.32,1,1000,1
70194,84834.37,62.29,32.15,50,75,117.32,1,1000,1
70195,89157.01,63.03,32.41,50.41,76,117.32,1,1000,1
70196,93699.9,63.78,32.68,50.82,76,117.32,1,1000,1
70197,98474.26,64.53,32.94,51.24,76,117.32,1,1000,1
70198,103491.9,65.29,33.21,51.65,76,117.32,1,1000,1
70199,108765.2,66.07,33.48,52.07,77,117.32,1,1000,1
70200,114307.2,66.85,33.75,52.5,77,117.32,1,1000,1
80001,1,1,1,1,1,1,1,1,1
80002,1,1,1,1,1,1,1,1,1
80003,1,1,1,1,1,1,1,1,1
80004,1,1,1,1,1,1,1,1,1
80005,1,1,1,1,1,1,1,1,1
80006,1,1,1,1,1,1,1,1,1
80007,1,1,1,1,1,1,1,1,1
80008,1,1,1,1,1,1,1,1,1
80009,1,1,1,1,1,1,1,1,1
80010,1,1,1,1,1,1,1,1,1
80011,1,1,1,1,1,1,1,1,1
80012,1,1,1,1,1,1,1,1,1
80013,1,1,1,1,1,1,1,1,1
80014,1,1,1,1,1,1,1,1,1
80015,1,1,1,1,1,1,1,1,1
80016,1,1,1,1,1,1,1,1,1
80017,1,1,1,1,1,1,1,1,1
80018,1,1,1,1,1,1,1,1,1
80019,1,1,1,1,1,1,1,1,1
80020,1,1,1,1,1,1,1,1,1
80021,1,1,1,1,1,1,1,1,1
80022,1,1,1,1,1,1,1,1,1
80023,1,1,1,1,1,1,1,1,1
80024,1,1,1,1,1,1,1,1,1
80025,1,1,1,1,1,1,1,1,1
80026,1,1,1,1,1,1,1,1,1
80027,1,1,1,1,1,1,1,1,1
80028,1,1,1,1,1,1,1,1,1
80029,1,1,1,1,1,1,1,1,1
80030,1,1,1,1,1,1,1,1,1
80031,1,1,1,1,1,1,1,1,1
80032,1,1,1,1,1,1,1,1,1
80033,1,1,1,1,1,1,1,1,1
80034,1,1,1,1,1,1,1,1,1
80035,1,1,1,1,1,1,1,1,1
80036,1,1,1,1,1,1,1,1,1
80037,1,1,1,1,1,1,1,1,1
80038,1,1,1,1,1,1,1,1,1
80039,1,1,1,1,1,1,1,1,1
80040,1,1,1,1,1,1,1,1,1
80041,1,1,1,1,1,1,1,1,1
80042,1,1,1,1,1,1,1,1,1
80043,1,1,1,1,1,1,1,1,1
80044,1,1,1,1,1,1,1,1,1
80045,1,1,1,1,1,1,1,1,1
80046,1,1,1,1,1,1,1,1,1
80047,1,1,1,1,1,1,1,1,1
80048,1,1,1,1,1,1,1,1,1
80049,1,1,1,1,1,1,1,1,1
80050,1,1,1,1,1,1,1,1,1
80051,1,1,1,1,1,1,1,1,1
80052,1,1,1,1,1,1,1,1,1
80053,1,1,1,1,1,1,1,1,1
80054,1,1,1,1,1,1,1,1,1
80055,1,1,1,1,1,1,1,1,1
80056,1,1,1,1,1,1,1,1,1
80057,1,1,1,1,1,1,1,1,1
80058,1,1,1,1,1,1,1,1,1
80059,1,1,1,1,1,1,1,1,1
80060,1,1,1,1,1,1,1,1,1
80061,1,1,1,1,1,1,1,1,1
80062,1,1,1,1,1,1,1,1,1
80063,1,1,1,1,1,1,1,1,1
80064,1,1,1,1,1,1,1,1,1
80065,1,1,1,1,1,1,1,1,1
80066,1,1,1,1,1,1,1,1,1
80067,1,1,1,1,1,1,1,1,1
80068,1,1,1,1,1,1,1,1,1
80069,1,1,1,1,1,1,1,1,1
80070,1,1,1,1,1,1,1,1,1
80071,1,1,1,1,1,1,1,1,1
80072,1,1,1,1,1,1,1,1,1
80073,1,1,1,1,1,1,1,1,1
80074,1,1,1,1,1,1,1,1,1
80075,1,1,1,1,1,1,1,1,1
80076,1,1,1,1,1,1,1,1,1
80077,1,1,1,1,1,1,1,1,1
80078,1,1,1,1,1,1,1,1,1
80079,1,1,1,1,1,1,1,1,1
80080,1,1,1,1,1,1,1,1,1
80081,1,1,1,1,1,1,1,1,1
80082,1,1,1,1,1,1,1,1,1
80083,1,1,1,1,1,1,1,1,1
80084,1,1,1,1,1,1,1,1,1
80085,1,1,1,1,1,1,1,1,1
80086,1,1,1,1,1,1,1,1,1
80087,1,1,1,1,1,1,1,1,1
80088,1,1,1,1,1,1,1,1,1
80089,1,1,1,1,1,1,1,1,1
80090,1,1,1,1,1,1,1,1,1
80091,1,1,1,1,1,1,1,1,1
80092,1,1,1,1,1,1,1,1,1
80093,1,1,1,1,1,1,1,1,1
80094,1,1,1,1,1,1,1,1,1
80095,1,1,1,1,1,1,1,1,1
80096,1,1,1,1,1,1,1,1,1
80097,1,1,1,1,1,1,1,1,1
80098,1,1,1,1,1,1,1,1,1
80099,1,1,1,1,1,1,1,1,1
80100,1,1,1,1,1,1,1,1,1
80101,1,1,1,1,1,1,1,1,1
80102,1,1,1,1,1,1,1,1,1
80103,1,1,1,1,1,1,1,1,1
80104,1,1,1,1,1,1,1,1,1
80105,1,1,1,1,1,1,1,1,1
80106,1,1,1,1,1,1,1,1,1
80107,1,1,1,1,1,1,1,1,1
80108,1,1,1,1,1,1,1,1,1
80109,1,1,1,1,1,1,1,1,1
80110,1,1,1,1,1,1,1,1,1
80111,1,1,1,1,1,1,1,1,1
80112,1,1,1,1,1,1,1,1,1
80113,1,1,1,1,1,1,1,1,1
80114,1,1,1,1,1,1,1,1,1
80115,1,1,1,1,1,1,1,1,1
80116,1,1,1,1,1,1,1,1,1
80117,1,1,1,1,1,1,1,1,1
80118,1,1,1,1,1,1,1,1,1
80119,1,1,1,1,1,1,1,1,1
80120,1,1,1,1,1,1,1,1,1
80121,1,1,1,1,1,1,1,1,1
80122,1,1,1,1,1,1,1,1,1
80123,1,1,1,1,1,1,1,1,1
80124,1,1,1,1,1,1,1,1,1
80125,1,1,1,1,1,1,1,1,1
80126,1,1,1,1,1,1,1,1,1
80127,1,1,1,1,1,1,1,1,1
80128,1,1,1,1,1,1,1,1,1
80129,1,1,1,1,1,1,1,1,1
80130,1,1,1,1,1,1,1,1,1
80131,1,1,1,1,1,1,1,1,1
80132,1,1,1,1,1,1,1,1,1
80133,1,1,1,1,1,1,1,1,1
80134,1,1,1,1,1,1,1,1,1
80135,1,1,1,1,1,1,1,1,1
80136,1,1,1,1,1,1,1,1,1
80137,1,1,1,1,1,1,1,1,1
80138,1,1,1,1,1,1,1,1,1
80139,1,1,1,1,1,1,1,1,1
80140,1,1,1,1,1,1,1,1,1
80141,1,1,1,1,1,1,1,1,1
80142,1,1,1,1,1,1,1,1,1
80143,1,1,1,1,1,1,1,1,1
80144,1,1,1,1,1,1,1,1,1
80145,1,1,1,1,1,1,1,1,1
80146,1,1,1,1,1,1,1,1,1
80147,1,1,1,1,1,1,1,1,1
80148,1,1,1,1,1,1,1,1,1
80149,1,1,1,1,1,1,1,1,1
80150,1,1,1,1,1,1,1,1,1
80151,1,1,1,1,1,1,1,1,1
80152,1,1,1,1,1,1,1,1,1
80153,1,1,1,1,1,1,1,1,1
80154,1,1,1,1,1,1,1,1,1
80155,1,1,1,1,1,1,1,1,1
80156,1,1,1,1,1,1,1,1,1
80157,1,1,1,1,1,1,1,1,1
80158,1,1,1,1,1,1,1,1,1
80159,1,1,1,1,1,1,1,1,1
80160,1,1,1,1,1,1,1,1,1
80161,1,1,1,1,1,1,1,1,1
80162,1,1,1,1,1,1,1,1,1
80163,1,1,1,1,1,1,1,1,1
80164,1,1,1,1,1,1,1,1,1
80165,1,1,1,1,1,1,1,1,1
80166,1,1,1,1,1,1,1,1,1
80167,1,1,1,1,1,1,1,1,1
80168,1,1,1,1,1,1,1,1,1
80169,1,1,1,1,1,1,1,1,1
80170,1,1,1,1,1,1,1,1,1
80171,1,1,1,1,1,1,1,1,1
80172,1,1,1,1,1,1,1,1,1
80173,1,1,1,1,1,1,1,1,1
80174,1,1,1,1,1,1,1,1,1
80175,1,1,1,1,1,1,1,1,1
80176,1,1,1,1,1,1,1,1,1
80177,1,1,1,1,1,1,1,1,1
80178,1,1,1,1,1,1,1,1,1
80179,1,1,1,1,1,1,1,1,1
80180,1,1,1,1,1,1,1,1,1
80181,1,1,1,1,1,1,1,1,1
80182,1,1,1,1,1,1,1,1,1
80183,1,1,1,1,1,1,1,1,1
80184,1,1,1,1,1,1,1,1,1
80185,1,1,1,1,1,1,1,1,1
80186,1,1,1,1,1,1,1,1,1
80187,1,1,1,1,1,1,1,1,1
80188,1,1,1,1,1,1,1,1,1
80189,1,1,1,1,1,1,1,1,1
80190,1,1,1,1,1,1,1,1,1
80191,1,1,1,1,1,1,1,1,1
80192,1,1,1,1,1,1,1,1,1
80193,1,1,1,1,1,1,1,1,1
80194,1,1,1,1,1,1,1,1,1
80195,1,1,1,1,1,1,1,1,1
80196,1,1,1,1,1,1,1,1,1
80197,1,1,1,1,1,1,1,1,1
80198,1,1,1,1,1,1,1,1,1
80199,1,1,1,1,1,1,1,1,1
80200,1,1,1,1,1,1,1,1,1
